Workbook

Sheet S1 Lunes
D2: PRODUCTOS | E2: + | F2: + | G2: (-) | H2: (-) | I2: = | J2: = | K2: = | L2: $ | N2: $
E3: Stock Inicial | F3: Entregas | G3: Ventas | H3: Mermas | I3: Stock Real | J3: Stock Informado | K3: Diferencias | L3: Precio | N3: Descuento
D4: Atún Steak | F4: =E221 | G4: =IFERROR(SUMPRODUCT(($F$66:$F$153="Atún Steak")*$E$66:$E$153*$G$66:$G$153),"Error") | H4: =SUM(F159:J159) | I4: =E4+F4-G4-H4 | J4: =E159 | K4: =J4-I4 | L4: =+'MERMAS S1'!D5 | N4: =IF(K4<0,K4*L4,0)
D5: Atún Trozos | F5: =E222 | G5: =IFERROR(SUMPRODUCT(($F$66:$F$153="Atún Trozos")*$E$66:$E$153*$G$66:$G$153),"Error") | H5: =SUM(F160:I160)+SUM(F190:I190) | I5: =E5+F5-G5-H5 | J5: =E160+E190 | K5: =J5-I5 | L5: =+'MERMAS S1'!D6 | N5: =IF(K5<0,K5*L5,0)
D6: Almejas Julianas | F6: =E254 | G6: =K254 | H6: =SUM(F161:I161)+J254 | I6: =E6+F6-G6-H6 | J6: =E161 | K6: =J6-I6 | L6: =+'MERMAS S1'!D7 | N6: =IF(K6<0,K6*L6,0)
D7: Carpaccio de res | F7: =E223 | G7: =IFERROR(SUMPRODUCT(($F$66:$F$153="Carpaccio de res")*$E$66:$E$153*$G$66:$G$153),"Error") | H7: =SUM(F162:I162) | I7: =E7+F7-G7-H7 | J7: =E162 | K7: =J7-I7 | L7: =+'MERMAS S1'!D8 | N7: =IF(K7<0,K7*L7,0)
D8: Chupe | F8: =H258 | G8: =E90 | H8: =SUM(F165:I165) | I8: =E8+F8-G8-H8 | J8: =E165 | K8: =J8-I8 | L8: =+'MERMAS S1'!D9 | N8: =IF(K8<0,K8*L8,0)
D9: Congrio | F9: =E252 | G9: =IFERROR(SUMPRODUCT(($F$66:$F$153="Congrio")*$E$66:$E$153*$G$66:$G$153),"Error") | H9: =J252+SUM(F164:I164) | I9: =E9+F9-G9-H9 | J9: =E164 | K9: =J9-I9 | L9: =+'MERMAS S1'!D10 | N9: =IF(K9<0,K9*L9,0)
D10: Filete despunte | F10: =E255 | G10: =K255+K256 | H10: =SUM(J255:J256)+SUM(F167:I167) | I10: =E10+F10-G10-H10 | J10: =E167 | K10: =J10-I10 | L10: =+'MERMAS S1'!D11 | N10: =IF(K10<0,K10*L10,0)
D11: Filete para churrasco | F11: =E226 | G11: =IFERROR(SUMPRODUCT(($F$66:$F$153="Filete para churrasco")*$E$66:$E$153*$G$66:$G$153),"Error") | H11: =SUM(F168:I168) | I11: =E11+F11-G11-H11 | J11: =E168 | K11: =J11-I11 | L11: =+'MERMAS S1'!D12 | N11: =IF(K11<0,K11*L11,0)
D12: Filete para crudo | F12: =E227 | G12: =IFERROR(SUMPRODUCT(($F$66:$F$153="Filete para crudo")*$E$66:$E$153*$G$66:$G$153),"Error") | H12: =SUM(F169:I169)+SUM(F189:I189) | I12: =E12+F12-G12-H12 | J12: =E169 +IFERROR(INDEX($E$159:$E$215,MATCH("Tartar de Res",$D$159:$D$215,0)),0) | K12: =J12-I12 | L12: =+'MERMAS S1'!D13 | N12: =IF(K12<0,K12*L12,0)
D13: Filete Salteado | F13: =E228 | G13: =IFERROR(SUMPRODUCT(($F$66:$F$153=D13)*$E$66:$E$153*$G$66:$G$153),"Error") | H13: =SUM(F170:I170) | I13: =E13+F13-G13-H13 | J13: =E170 | K13: =J13-I13 | L13: =+'MERMAS S1'!D14 | N13: =IF(K13<0,K13*L13,0)
D14: Ganso | F14: =E229 | G14: =IFERROR(SUMPRODUCT(($F$66:$F$153=D14)*$E$66:$E$153*$G$66:$G$153),"Error") | H14: =SUM(F171:I171)+SUM(F180:I180) | I14: =E14+F14-G14-H14 | J14: =E171 +IFERROR(INDEX($E$159:$E$215,MATCH("Paila de Carne",$D$159:$D$215,0)),0) | K14: =J14-I14 | L14: =+'MERMAS S1'!D15 | N14: =IF(K14<0,K14*L14,0)
D15: Hamburguesas | F15: =E231 | G15: =IFERROR(SUMPRODUCT(($F$66:$F$153=D15)*$E$66:$E$153*$G$66:$G$153),"Error") | H15: =SUM(F172:I172) | I15: =E15+F15-G15-H15 | J15: =E172 | K15: =J15-I15 | L15: =+'MERMAS S1'!D16 | N15: =IF(K15<0,K15*L15,0)
D16: Jamón serrano | F16: =E232 | G16: =IFERROR(SUMPRODUCT(($F$66:$F$153=D16)*$E$66:$E$153*$G$66:$G$153),"Error") | H16: =SUM(F174:I174) | I16: =E16+F16-G16-H16 | J16: =E174 | K16: =J16-I16 | L16: =+'MERMAS S1'!D17 | N16: =IF(K16<0,K16*L16,0)
D17: Langostinos | F17: =H248 | G17: =IFERROR(SUMPRODUCT(($F$66:$F$153=D17)*$E$66:$E$153*$G$66:$G$153),"Error") | H17: =SUM(F173:I173) | I17: =E17+F17-G17-H17 | J17: =E173 | K17: =J17-I17 | L17: =+'MERMAS S1'!D18 | N17: =IF(K17<0,K17*L17,0)
D18: Lasagna de Berenjenas | F18: =H257 | G18: =E120 | H18: =SUM(F175:I175) | I18: =E18+F18-G18-H18 | J18: =E175 | K18: =J18-I18 | L18: =+'MERMAS S1'!D19 | N18: =IF(K18<0,K18*L18,0)
D19: Locos | F19: =E249 | G19: =IFERROR(SUMPRODUCT(($F$66:$F$153=D19)*$E$66:$E$153*$G$66:$G$153),"Error") | H19: =SUM(F177:I177)+J249 | I19: =E19+F19-G19-H19 | J19: =E177 | K19: =J19-I19 | L19: =+'MERMAS S1'!D20 | N19: =IF(K19<0,K19*L19,0)
D20: Lomo liso | F20: =E233 | G20: =IFERROR(SUMPRODUCT(($F$66:$F$153=D20)*$E$66:$E$153*$G$66:$G$153),"Error") | H20: =SUM(F176:I176) | I20: =E20+F20-G20-H20 | J20: =E176 | K20: =J20-I20 | L20: =+'MERMAS S1'!D21 | N20: =IF(K20<0,K20*L20,0)
D21: Mejillones | F21: =E253 | G21: =K253 | H21: =J253+SUM(F178:I178) | I21: =E21+F21-G21-H21 | J21: =E178 | K21: =J21-I21 | L21: =+'MERMAS S1'!D22 | N21: =IF(K21<0,K21*L21,0)
D22: Merluza | F22: =E250 | G22: =IFERROR(SUMPRODUCT(($F$66:$F$153=D22)*$E$66:$E$153*$G$66:$G$153),"Error") | H22: =SUM(F179:I179)+J250 | I22: =E22+F22-G22-H22 | J22: =E179 | K22: =J22-I22 | L22: =+'MERMAS S1'!D23 | N22: =IF(K22<0,K22*L22,0)
D23: Plateada | F23: =E234 | G23: =IFERROR(SUMPRODUCT(($F$66:$F$153=D23)*$E$66:$E$153*$G$66:$G$153),"Error") | H23: =SUM(F181:I181) | I23: =E23+F23-G23-H23 | J23: =E181 | K23: =J23-I23 | L23: =+'MERMAS S1'!D24 | N23: =IF(K23<0,K23*L23,0)
D24: Pulpo | F24: =E235 | G24: =IFERROR(SUMPRODUCT(($F$66:$F$153=D24)*$E$66:$E$153*$G$66:$G$153),"Error") | H24: =SUM(F182:I182) | I24: =E24+F24-G24-H24 | J24: =E182 | K24: =J24-I24 | L24: =+'MERMAS S1'!D25 | N24: =IF(K24<0,K24*L24,0)
D25: Ragout Lasagna | F25: =H255 | G25: =E257 | H25: =SUM(F183:I183)+J257 | I25: =E25+F25-G25-H25 | J25: =E183 | K25: =J25-I25 | L25: =+'MERMAS S1'!D26 | N25: =IF(K25<0,K25*L25,0)
D26: Ragout Rigatoni | F26: =H256 | G26: =E133 | H26: =SUM(F184:I184) | I26: =E26+F26-G26-H26 | J26: =E184 | K26: =J26-I26 | L26: =+'MERMAS S1'!D27 | N26: =IF(K26<0,K26*L26,0)
D27: Reineta | F27: =E251 | G27: =IFERROR(SUMPRODUCT(($F$66:$F$153=D27)*$E$66:$E$153*$G$66:$G$153),"Error") | H27: =SUM(F163:I163)+J251 | I27: =E27+F27-G27-H27 | J27: =E163 | K27: =J27-I27 | L27: =+'MERMAS S1'!D28 | N27: =IF(K27<0,K27*L27,0)
D28: Salmón ahumado en frío | F28: =E258 | G28: =K258 | H28: =J258 | I28: =E28+F28-G28-H28 | J28: =E185 | K28: =J28-I28 | L28: =+'MERMAS S1'!D29 | N28: =IF(K28<0,K28*L28,0)
D29: Salmón ahumado en Caliente | F29: =E237 | G29: =IFERROR(SUMPRODUCT(($F$66:$F$153=D29)*$E$66:$E$153*$G$66:$G$153),"Error") | H29: =SUM(F186:I186) | I29: =E29+F29-G29-H29 | J29: =E186 | K29: =J29-I29 | L29: =+'MERMAS S1'!D30 | N29: =IF(K29<0,K29*L29,0)
D30: Salmón cancato | F30: =E238 | G30: =IFERROR(SUMPRODUCT(($F$66:$F$153=D30)*$E$66:$E$153*$G$66:$G$153),"Error") | H30: =SUM(F187:I187) | I30: =E30+F30-G30-H30 | J30: =E187 | K30: =J30-I30 | L30: =+'MERMAS S1'!D31 | N30: =IF(K30<0,K30*L30,0)
D31: Salmón fresco premium | F31: =E239 | G31: =IFERROR(SUMPRODUCT(($F$66:$F$153=D31)*$E$66:$E$153*$G$66:$G$153),"Error") | H31: =SUM(F188:I188) | I31: =E31+F31-G31-H31 | J31: =E188 | K31: =J31-I31 | L31: =+'MERMAS S1'!D32 | N31: =IF(K31<0,K31*L31,0)
I33: DIFERENCIAS PROMEDIO | K33: =SUM(K7:K31) | M33: DCTO. TOTAL | N33: =SUM(N7:N31)
F35: + | G35: (-) | H35: (-) | I35: = | J35: = | K35: = | L35: $ | N35: $
D36: PRODUCTOS | F36: Entregas | G36: Ventas | H36: Mermas | I36: Stock Real | J36: Stock Informado | K36: Diferencias | L36: Precio | N36: Descuento
D37: Brownie Nutella | F37: =E264 | G37: =IFERROR(SUMPRODUCT(($F$66:$F$153=D37)*$E$66:$E$153*$G$66:$G$153),"Error") | H37: =SUM(F194:I194) | I37: =E37+F37-G37-H37 | J37: =E194 | K37: =J37-I37 | L37: =+'MERMAS S1'!D33 | N37: =IF(K37<0,K37*L37,0)
D38: Brownie Vegano | F38: =E265 | G38: =IFERROR(SUMPRODUCT(($F$66:$F$153=D38)*$E$66:$E$153*$G$66:$G$153),"Error") | H38: =SUM(F195:I195) | I38: =E38+F38-G38-H38 | J38: =E195 | K38: =J38-I38 | L38: =+'MERMAS S1'!D34 | N38: =IF(K38<0,K38*L38,0)
D39: Cheesecake de Berries | F39: =E262 | G39: =IFERROR(SUMPRODUCT(($F$66:$F$153="Cheesecake Berries")*$E$66:$E$153*$G$66:$G$153),"Error") | H39: =SUM(F196:I196) | I39: =E39+F39-G39-H39 | J39: =E196 | K39: =J39-I39 | L39: =+'MERMAS S1'!D35 | N39: =IF(K39<0,K39*L39,0)
D40: Cheesecake de Limón | F40: =E263 | G40: =IFERROR(SUMPRODUCT(($F$66:$F$153=D40)*$E$66:$E$153*$G$66:$G$153),"Error") | H40: =SUM(F197:H197) | I40: =E40+F40-G40-H40 | J40: =E197 | K40: =J40-I40 | L40: =+'MERMAS S1'!D36 | N40: =IF(K40<0,K40*L40,0)
D41: Chocolate Blanco | F41: =H262 | G41: =J262 | H41: =SUM(F198:I198) | I41: =E41+F41-G41-H41 | J41: =E198 | K41: =J41-I41 | L41: =+'MERMAS S1'!D37 | N41: =IF(K41<0,K41*L41,0)
D42: Chocolate Leche | F42: =H263 | G42: =J263 | H42: =SUM(F199:I199) | I42: =E42+F42-G42-H42 | J42: =E199 | K42: =J42-I42 | L42: =+'MERMAS S1'!D38 | N42: =IF(K42<0,K42*L42,0)
D43: Chocolate Negro | F43: =H264 | G43: =J264 | H43: =SUM(F200:I200) | I43: =E43+F43-G43-H43 | J43: =E200 | K43: =J43-I43 | L43: =+'MERMAS S1'!D39 | N43: =IF(K43<0,K43*L43,0)
D44: Chocolate Neucober Cobertura | F44: =H265 | G44: =J265 | H44: =SUM(F201:I201) | I44: =E44+F44-G44-H44 | J44: =E201 | K44: =J44-I44 | L44: =+'MERMAS S1'!D40 | N44: =IF(K44<0,K44*L44,0)
D45: Chocolate Sicao Cobertura | F45: =H266 | G45: =J266 | H45: =SUM(F202:I202) | I45: =E45+F45-G45-H45 | J45: =E202 | K45: =J45-I45 | L45: =+'MERMAS S1'!D41 | N45: =IF(K45<0,K45*L45,0)
D46: Discos de Chocolate | F46: =E268 | G46: =E91 | H46: =SUM(F203:I203) | I46: =E46+F46-G46-H46 | J46: =E203 | K46: =J46-I46 | L46: =+'MERMAS S1'!D42 | N46: =IF(K46<0,K46*L46,0)
D47: Empanada Mechada | F47: =E225 | G47: =IFERROR(SUMPRODUCT(($F$66:$F$153=D47)*$E$66:$E$153*$G$66:$G$153),"Error") | H47: =(SUM(F204:I204)*4)+SUM(F205:I205) | I47: =E47+F47-G47-H47 | J47: =(E204*4)+E205 | K47: =J47-I47 | L47: =+'MERMAS S1'!D43 | N47: =IF(K47<0,K47*L47,0)
D48: Empanada Pulpo | F48: =H247 | G48: =IFERROR(SUMPRODUCT(($F$66:$F$153=D48)*$E$66:$E$153*$G$66:$G$153),"Error") | H48: =(SUM(F206:I206)*4)+SUM(F207:I207) | I48: =E48+F48-G48-H48 | J48: =(E206*4)+E207 | K48: =J48-I48 | L48: =+'MERMAS S1'!D44 | N48: =IF(K48<0,K48*L48,0)
D49: Flan de Caluga | F49: =E266 | G49: =IFERROR(SUMPRODUCT(($F$66:$F$153=D49)*$E$66:$E$153*$G$66:$G$153),"Error") | H49: =SUM(F208:I208) | I49: =E49+F49-G49-H49 | J49: =E208 | K49: =J49-I49 | L49: =+'MERMAS S1'!D45 | N49: =IF(K49<0,K49*L49,0)
D50: Granola salada | F50: =IF( SUMPRODUCT(--ISNUMBER(SEARCH(D50,$D$221:$D$242))) + SUMPRODUCT(--ISNUMBER(SEARCH(D50,$D$262:$D$267)))=0, "Error", SUMPRODUCT((ISNUMBER(SEARCH(D50,$D$221:$D$242)))*$E$221:$E$242) + SUMPRODUCT((ISNUMBER(SEARCH(D50,$D$262:$D$267)))*$E$262:$E$267) ) | G50: =IFERROR(SUMPRODUCT(($F$66:$F$153=D50)*$E$66:$E$153*$G$66:$G$153),"Error") | H50: =SUM(F209:I209) | I50: =E50+F50-G50-H50 | J50: =E209 | K50: =J50-I50 | L50: =+'MERMAS S1'!D46 | N50: =IF(K50<0,K50*L50,0)
D51: Mix Conchas | F51: =H253 | G51: =IFERROR(SUMPRODUCT(($F$66:$F$153=D51)*$E$66:$E$153*$G$66:$G$153),"Error") | H51: =SUM(F210:I210) | I51: =E51+F51-G51-H51 | J51: =E210 | K51: =J51-I51 | L51: =+'MERMAS S1'!D47 | N51: =IF(K51<0,K51*L51,0)
D52: Nutella | F52: =H267 | G52: =J267 | H52: =SUM(F211:I211) | I52: =E52+F52-G52-H52 | J52: =E211 | K52: =J52-I52 | L52: =+'MERMAS S1'!D48 | N52: =IF(K52<0,K52*L52,0)
D53: Queso Mozzarella | F53: =E236 | G53: =IFERROR(SUMPRODUCT(($F$66:$F$153=D53)*$E$66:$E$153*$G$66:$G$153),"Error") | H53: =SUM(F212:I212) | I53: =E53+F53-G53-H53 | J53: =E212 | K53: =J53-I53 | L53: =+'MERMAS S1'!D49 | N53: =IF(K53<0,K53*L53,0)
D54: Sorrentinos carne mechada | F54: =E240 | G54: =IFERROR(SUMPRODUCT(($F$66:$F$153=D54)*$E$66:$E$153*$G$66:$G$153),"Error") | H54: =SUM(F213:I213) | I54: =E54+F54-G54-H54 | J54: =E213 | K54: =J54-I54 | L54: =+'MERMAS S1'!D50 | N54: =IF(K54<0,K54*L54,0)
D55: Sorrentinos pulpo y salmón | F55: =E241 | G55: =IFERROR(SUMPRODUCT(($F$66:$F$153=D55)*$E$66:$E$153*$G$66:$G$153),"Error") | H55: =SUM(F214:I214) | I55: =E55+F55-G55-H55 | J55: =E214 | K55: =J55-I55 | L55: =+'MERMAS S1'!D51 | N55: =IF(K55<0,K55*L55,0)
D56: Sorrentinos zapallo | F56: =E242 | G56: =IFERROR(SUMPRODUCT(($F$66:$F$153=D56)*$E$66:$E$153*$G$66:$G$153),"Error") | H56: =SUM(F215:I215) | I56: =E56+F56-G56-H56 | J56: =E215 | K56: =J56-I56 | L56: =+'MERMAS S1'!D52 | N56: =IF(K56<0,K56*L56,0)
D57: Volcán de Chocolate | F57: =E267 | G57: =IFERROR(SUMPRODUCT(($F$66:$F$153=D57)*$E$66:$E$153*$G$66:$G$153),"Error") | H57: =SUM(F216:I216) | I57: =E57+F57-G57-H57 | J57: =E216 | K57: =J57-I57 | L57: =+'MERMAS S1'!D53 | N57: =IF(K57<0,K57*L57,0)
I59: DIFERENCIAS PROMEDIO | K59: =SUM(K37:K57) | M59: DCTO. TOTAL | N59: =SUM(N37:N57)
C64: VENTAS
C65: Código | D65: Ítem | E65: Vendido | F65: Producto | G65: Cantidad | H65: Medida
C66: VECARAGR013 | D66: Age Salmon Ahumado | E66: =IFERROR( IF( INDEX($K$272:$K$977,MATCH(C66,$B$272:$B$977,0))<>0, INDEX($K$272:$K$977,MATCH(C66,$B$272:$B$977,0)), INDEX($L$272:$L$977,MATCH(C66,$B$272:$B$977,0)) ), 0) | F66: Salmón ahumado en Caliente | G66: 0.12 | H66: Kg
C67: VECARAGR007 | D67: Agr. Jamon Crudo | E67: =IFERROR( IF( INDEX($K$272:$K$977,MATCH(C67,$B$272:$B$977,0))<>0, INDEX($K$272:$K$977,MATCH(C67,$B$272:$B$977,0)), INDEX($L$272:$L$977,MATCH(C67,$B$272:$B$977,0)) ), 0) | F67: Jamón serrano | G67: 0.03 | H67: Kg
C68: VECARENT001 | D68: Atún Apanado | E68: =IFERROR( IF( INDEX($K$272:$K$977,MATCH(C68,$B$272:$B$977,0))<>0, INDEX($K$272:$K$977,MATCH(C68,$B$272:$B$977,0)), INDEX($L$272:$L$977,MATCH(C68,$B$272:$B$977,0)) ), 0) | F68: Atún Steak | G68: 0.18 | H68: Kg
C69: VECARFJT001 | D69: Atún Sellado JT | E69: =IFERROR( IF( INDEX($K$272:$K$977,MATCH(C69,$B$272:$B$977,0))<>0, INDEX($K$272:$K$977,MATCH(C69,$B$272:$B$977,0)), INDEX($L$272:$L$977,MATCH(C69,$B$272:$B$977,0)) ), 0) | F69: Atún Steak | G69: 0.18 | H69: Kg
C70: VECARFON002 | D70: Atún Risotto | E70: =IFERROR( IF( INDEX($K$272:$K$977,MATCH(C70,$B$272:$B$977,0))<>0, INDEX($K$272:$K$977,MATCH(C70,$B$272:$B$977,0)), INDEX($L$272:$L$977,MATCH(C70,$B$272:$B$977,0)) ), 0) | F70: Atún Steak | G70: 0.18 | H70: Kg
C71: VECARFUB001 | D71: Atún Risotto PY | E71: =IFERROR( IF( INDEX($K$272:$K$977,MATCH(C71,$B$272:$B$977,0))<>0, INDEX($K$272:$K$977,MATCH(C71,$B$272:$B$977,0)), INDEX($L$272:$L$977,MATCH(C71,$B$272:$B$977,0)) ), 0) | F71: Atún Steak | G71: 0.18 | H71: Kg
C72: VECARENT034 | D72: Brocheta Langostino | E72: =IFERROR( IF( INDEX($K$272:$K$977,MATCH(C72,$B$272:$B$977,0))<>0, INDEX($K$272:$K$977,MATCH(C72,$B$272:$B$977,0)), INDEX($L$272:$L$977,MATCH(C72,$B$272:$B$977,0)) ), 0) | F72: Langostinos | G72: 1 | H72: Und
C73: VECARPOS013 | D73: Brownie Choc Vegano | E73: =IFERROR( IF( INDEX($K$272:$K$977,MATCH(C73,$B$272:$B$977,0))<>0, INDEX($K$272:$K$977,MATCH(C73,$B$272:$B$977,0)), INDEX($L$272:$L$977,MATCH(C73,$B$272:$B$977,0)) ), 0) | F73: Brownie Vegano | G73: 1 | H73: Kg
C74: VECARPOS024 | D74: Brownie Nutella | E74: =IFERROR( IF( INDEX($K$272:$K$977,MATCH(C74,$B$272:$B$977,0))<>0, INDEX($K$272:$K$977,MATCH(C74,$B$272:$B$977,0)), INDEX($L$272:$L$977,MATCH(C74,$B$272:$B$977,0)) ), 0) | F74: Brownie Nutella | G74: 1 | H74: Kg
C75: VECARPUB012 | D75: Brownie Nutella PY | E75: =IFERROR( IF( INDEX($K$272:$K$977,MATCH(C75,$B$272:$B$977,0))<>0, INDEX($K$272:$K$977,MATCH(C75,$B$272:$B$977,0)), INDEX($L$272:$L$977,MATCH(C75,$B$272:$B$977,0)) ), 0) | F75: Brownie Nutella | G75: 1 | H75: Kg
C76: VECARPJT005 | D76: Brownie Vegano JT | E76: =IFERROR( IF( INDEX($K$272:$K$977,MATCH(C76,$B$272:$B$977,0))<>0, INDEX($K$272:$K$977,MATCH(C76,$B$272:$B$977,0)), INDEX($L$272:$L$977,MATCH(C76,$B$272:$B$977,0)) ), 0) | F76: Brownie Vegano | G76: 1 | H76: Kg
C77: VECARPUB005 | D77: Brownie Vegano PY | E77: =IFERROR( IF( INDEX($K$272:$K$977,MATCH(C77,$B$272:$B$977,0))<>0, INDEX($K$272:$K$977,MATCH(C77,$B$272:$B$977,0)), INDEX($L$272:$L$977,MATCH(C77,$B$272:$B$977,0)) ), 0) | F77: Brownie Vegano | G77: 1 | H77: Kg
... C153: VECARPOS011 | D153: Volcán de Chocolate | E153: =IFERROR( IF( INDEX($K$272:$K$977,MATCH(C153,$B$272:$B$977,0))<>0, INDEX($K$272:$K$977,MATCH(C153,$B$272:$B$977,0)), INDEX($L$272:$L$977,MATCH(C153,$B$272:$B$977,0)) ), 0) | F153: Volcán de Chocolate | G153: 1 | H153: Kg
B157: GRAMAJE | C157: MEDIDA | D157: PRODUCTOS | E157: STOCK INFORMADO | F157: * MERMAS EN KILOGRAMOS
F158: PRODUCCIÓN | G158: DEFECTUOSOS | H158: CLIENTES | I158: CORTESÍA | J158: REUTILIZAR
B159: 0.18 | C159: Kg | D159: Atún apanado
B160: 0.25 | C160: Kg | D160: Atún Trozos
B161: 1 | C161: Kg | D161: Almejas Julianas
B162: 0.12 | C162: Kg | D162: Carpaccio de res
B163: 0.1 | C163: Kg | D163: Ceviche de Reineta
B164: 0.15 | C164: Kg | D164: Congrio
B165: 1 | C165: Porción | D165: Chupe de Salmón
B166: 1 | C166: Kg | D166: Despunte de pulpo
B167: 1 | C167: Kg | D167: Filete despunte
B168: 0.12 | C168: Kg | D168: Filete para churrasco
B169: 0.48 | C169: Kg | D169: Filete para crudo
B170: 0.16 | C170: Kg | D170: Filete salteado
... B190: 0.18 | C190: Kg | D190: Tártaro de atún
B192: UNIDADES | C192: MEDIDA | D192: PRODUCTOS
B194: 1 | C194: Und | D194: Brownie Nutella
B195: 4 | C195: Und | D195: Brownie Vegano
B196: 1 | C196: Und | D196: Cheesecake de Berries
B197: 1 | C197: Und | D197: Cheesecake de limón
B198: 1 | C198: Kg | D198: Chocolate Blanco
B199: 1 | C199: Kg | D199: Chocolate Leche
B200: 1 | C200: Kg | D200: Chocolate Negro
B201: 1 | C201: Kg | D201: Chocolate Neucober Cobertura
B202: 1 | C202: Kg | D202: Chocolate Sicao Cobertura
B203: 1 | C203: Und | D203: Discos de Chocolate
B204: 4 | C204: Pax | D204: Empanada mechada
B205: 1 | C205: Und | D205: Empanada mechada sueltas
... B216: 1 | C216: Und | D216: Volcán de chocolate
D219: ENTREGAS A COCINA/SALIDA DE BODEGA
...

Sheet S1 Martes
D2: PRODUCTOS | E2: + | F2: + | G2: (-) | H2: (-) | I2: = | J2: = | K2: = | L2: $ | N2: $
E3: Stock Inicial | F3: Entregas | G3: Ventas | H3: Mermas | I3: Stock Real | J3: Stock Informado | K3: Diferencias | L3: Precio | N3: Descuento
D4: Atún Steak | F4: =E221 | G4: =IFERROR(SUMPRODUCT(($F$66:$F$153="Atún Steak")*$E$66:$E$153*$G$66:$G$153),"Error") | H4: =SUM(F159:J159) | I4: =E4+F4-G4-H4 | J4: =E159 | K4: =J4-I4 | L4: =+'MERMAS S1'!D5 | N4: =IF(K4<0,K4*L4,0)
D5: Atún Trozos | F5: =E222 | G5: =IFERROR(SUMPRODUCT(($F$66:$F$153="Atún Trozos")*$E$66:$E$153*$G$66:$G$153),"Error") | H5: =SUM(F160:I160)+SUM(F190:I190) | I5: =E5+F5-G5-H5 | J5: =E160+E190 | K5: =J5-I5 | L5: =+'MERMAS S1'!D6 | N5: =IF(K5<0,K5*L5,0)
D6: Almejas Julianas | F6: =E254 | G6: =K254 | H6: =SUM(F161:I161)+J254 | I6: =E6+F6-G6-H6 | J6: =E161 | K6: =J6-I6 | L6: =+'MERMAS S1'!D7 | N6: =IF(K6<0,K6*L6,0)
D7: Carpaccio de res | F7: =E223 | G7: =IFERROR(SUMPRODUCT(($F$66:$F$153="Carpaccio de res")*$E$66:$E$153*$G$66:$G$153),"Error") | H7: =SUM(F162:I162) | I7: =E7+F7-G7-H7 | J7: =E162 | K7: =J7-I7 | L7: =+'MERMAS S1'!D8 | N7: =IF(K7<0,K7*L7,0)
D8: Chupe | F8: =H258 | G8: =E90 | H8: =SUM(F165:I165) | I8: =E8+F8-G8-H8 | J8: =E165 | K8: =J8-I8 | L8: =+'MERMAS S1'!D9 | N8: =IF(K8<0,K8*L8,0)
D9: Congrio | F9: =E252 | G9: =IFERROR(SUMPRODUCT(($F$66:$F$153="Congrio")*$E$66:$E$153*$G$66:$G$153),"Error") | H9: =J252+SUM(F164:I164) | I9: =E9+F9-G9-H9 | J9: =E164 | K9: =J9-I9 | L9: =+'MERMAS S1'!D10 | N9: =IF(K9<0,K9*L9,0)
D10: Filete despunte | F10: =E255 | G10: =K255+K256 | H10: =SUM(J255:J256)+SUM(F167:I167) | I10: =E10+F10-G10-H10 | J10: =E167 | K10: =J10-I10 | L10: =+'MERMAS S1'!D11 | N10: =IF(K10<0,K10*L10,0)
D11: Filete para churrasco | F11: =E226 | G11: =IFERROR(SUMPRODUCT(($F$66:$F$153="Filete para churrasco")*$E$66:$E$153*$G$66:$G$153),"Error") | H11: =SUM(F168:I168) | I11: =E11+F11-G11-H11 | J11: =E168 | K11: =J11-I11 | L11: =+'MERMAS S1'!D12 | N11: =IF(K11<0,K11*L11,0)
D12: Filete para crudo | F12: =E227 | G12: =IFERROR(SUMPRODUCT(($F$66:$F$153="Filete para crudo")*$E$66:$E$153*$G$66:$G$153),"Error") | H12: =SUM(F169:I169)+SUM(F189:I189) | I12: =E12+F12-G12-H12 | J12: =E169 +IFERROR(INDEX($E$159:$E$215,MATCH("Tartar de Res",$D$159:$D$215,0)),0) | K12: =J12-I12 | L12: =+'MERMAS S1'!D13 | N12: =IF(K12<0,K12*L12,0)
D13: Filete Salteado | F13: =E228 | G13: =IFERROR(SUMPRODUCT(($F$66:$F$153=D13)*$E$66:$E$153*$G$66:$G$153),"Error") | H13: =SUM(F170:I170) | I13: =E13+F13-G13-H13 | J13: =E170 | K13: =J13-I13 | L13: =+'MERMAS S1'!D14 | N13: =IF(K13<0,K13*L13,0)
D14: Ganso | F14: =E229 | G14: =IFERROR(SUMPRODUCT(($F$66:$F$153=D14)*$E$66:$E$153*$G$66:$G$153),"Error") | H14: =SUM(F171:I171)+SUM(F180:I180) | I14: =E14+F14-G14-H14 | J14: =E171 +IFERROR(INDEX($E$159:$E$215,MATCH("Paila de Carne",$D$159:$D$215,0)),0) | K14: =J14-I14 | L14: =+'MERMAS S1'!D15 | N14: =IF(K14<0,K14*L14,0)
D15: Hamburguesas | F15: =E231 | G15: =IFERROR(SUMPRODUCT(($F$66:$F$153=D15)*$E$66:$E$153*$G$66:$G$153),"Error") | H15: =SUM(F172:I172) | I15: =E15+F15-G15-H15 | J15: =E172 | K15: =J15-I15 | L15: =+'MERMAS S1'!D16 | N15: =IF(K15<0,K15*L15,0)
D16: Jamón serrano | F16: =E232 | G16: =IFERROR(SUMPRODUCT(($F$66:$F$153=D16)*$E$66:$E$153*$G$66:$G$153),"Error") | H16: =SUM(F174:I174) | I16: =E16+F16-G16-H16 | J16: =E174 | K16: =J16-I16 | L16: =+'MERMAS S1'!D17 | N16: =IF(K16<0,K16*L16,0)
D17: Langostinos | F17: =H248 | G17: =IFERROR(SUMPRODUCT(($F$66:$F$153=D17)*$E$66:$E$153*$G$66:$G$153),"Error") | H17: =SUM(F173:I173) | I17: =E17+F17-G17-H17 | J17: =E173 | K17: =J17-I17 | L17: =+'MERMAS S1'!D18 | N17: =IF(K17<0,K17*L17,0)
D18: Lasagna de Berenjenas | F18: =H257 | G18: =E120 | H18: =SUM(F175:I175) | I18: =E18+F18-G18-H18 | J18: =E175 | K18: =J18-I18 | L18: =+'MERMAS S1'!D19 | N18: =IF(K18<0,K18*L18,0)
D19: Locos | F19: =E249 | G19: =IFERROR(SUMPRODUCT(($F$66:$F$153=D19)*$E$66:$E$153*$G$66:$G$153),"Error") | H19: =SUM(F177:I177)+J249 | I19: =E19+F19-G19-H19 | J19: =E177 | K19: =J19-I19 | L19: =+'MERMAS S1'!D20 | N19: =IF(K19<0,K19*L19,0)
D20: Lomo liso | F20: =E233 | G20: =IFERROR(SUMPRODUCT(($F$66:$F$153=D20)*$E$66:$E$153*$G$66:$G$153),"Error") | H20: =SUM(F176:I176) | I20: =E20+F20-G20-H20 | J20: =E176 | K20: =J20-I20 | L20: =+'MERMAS S1'!D21 | N20: =IF(K20<0,K20*L20,0)
D21: Mejillones | F21: =E253 | G21: =K253 | H21: =J253+SUM(F178:I178) | I21: =E21+F21-G21-H21 | J21: =E178 | K21: =J21-I21 | L21: =+'MERMAS S1'!D22 | N21: =IF(K21<0,K21*L21,0)
D22: Merluza | F22: =E250 | G22: =IFERROR(SUMPRODUCT(($F$66:$F$153=D22)*$E$66:$E$153*$G$66:$G$153),"Error") | H22: =SUM(F179:I179)+J250 | I22: =E22+F22-G22-H22 | J22: =E179 | K22: =J22-I22 | L22: =+'MERMAS S1'!D23 | N22: =IF(K22<0,K22*L22,0)
D23: Plateada | F23: =E234 | G23: =IFERROR(SUMPRODUCT(($F$66:$F$153=D23)*$E$66:$E$153*$G$66:$G$153),"Error") | H23: =SUM(F181:I181) | I23: =E23+F23-G23-H23 | J23: =E181 | K23: =J23-I23 | L23: =+'MERMAS S1'!D24 | N23: =IF(K23<0,K23*L23,0)
D24: Pulpo | F24: =E235 | G24: =IFERROR(SUMPRODUCT(($F$66:$F$153=D24)*$E$66:$E$153*$G$66:$G$153),"Error") | H24: =SUM(F182:I182) | I24: =E24+F24-G24-H24 | J24: =E182 | K24: =J24-I24 | L24: =+'MERMAS S1'!D25 | N24: =IF(K24<0,K24*L24,0)
D25: Ragout Lasagna | F25: =H255 | G25: =E257 | H25: =SUM(F183:I183)+J257 | I25: =E25+F25-G25-H25 | J25: =E183 | K25: =J25-I25 | L25: =+'MERMAS S1'!D26 | N25: =IF(K25<0,K25*L25,0)
D26: Ragout Rigatoni | F26: =H256 | G26: =E133 | H26: =SUM(F184:I184) | I26: =E26+F26-G26-H26 | J26: =E184 | K26: =J26-I26 | L26: =+'MERMAS S1'!D27 | N26: =IF(K26<0,K26*L26,0)
D27: Reineta | F27: =E251 | G27: =IFERROR(SUMPRODUCT(($F$66:$F$153=D27)*$E$66:$E$153*$G$66:$G$153),"Error") | H27: =SUM(F163:I163)+J251 | I27: =E27+F27-G27-H27 | J27: =E163 | K27: =J27-I27 | L27: =+'MERMAS S1'!D28 | N27: =IF(K27<0,K27*L27,0)
D28: Salmón ahumado en frío | F28: =E258 | G28: =K258 | H28: =J258 | I28: =E28+F28-G28-H28 | J28: =E185 | K28: =J28-I28 | L28: =+'MERMAS S1'!D29 | N28: =IF(K28<0,K28*L28,0)
D29: Salmón ahumado en Caliente | F29: =E237 | G29: =IFERROR(SUMPRODUCT(($F$66:$F$153=D29)*$E$66:$E$153*$G$66:$G$153),"Error") | H29: =SUM(F186:I186) | I29: =E29+F29-G29-H29 | J29: =E186 | K29: =J29-I29 | L29: =+'MERMAS S1'!D30 | N29: =IF(K29<0,K29*L29,0)
D30: Salmón cancato | F30: =E238 | G30: =IFERROR(SUMPRODUCT(($F$66:$F$153=D30)*$E$66:$E$153*$G$66:$G$153),"Error") | H30: =SUM(F187:I187) | I30: =E30+F30-G30-H30 | J30: =E187 | K30: =J30-I30 | L30: =+'MERMAS S1'!D31 | N30: =IF(K30<0,K30*L30,0)
D31: Salmón fresco premium | F31: =E239 | G31: =IFERROR(SUMPRODUCT(($F$66:$F$153=D31)*$E$66:$E$153*$G$66:$G$153),"Error") | H31: =SUM(F188:I188) | I31: =E31+F31-G31-H31 | J31: =E188 | K31: =J31-I31 | L31: =+'MERMAS S1'!D32 | N31: =IF(K31<0,K31*L31,0)
I33: DIFERENCIAS PROMEDIO | K33: =SUM(K7:K31) | M33: DCTO. TOTAL | N33: =SUM(N7:N31)
F35: + | G35: (-) | H35: (-) | I35: = | J35: = | K35: = | L35: $ | N35: $
D36: PRODUCTOS | F36: Entregas | G36: Ventas | H36: Mermas | I36: Stock Real | J36: Stock Informado | K36: Diferencias | L36: Precio | N36: Descuento
D37: Brownie Nutella | F37: =E264 | G37: =IFERROR(SUMPRODUCT(($F$66:$F$153=D37)*$E$66:$E$153*$G$66:$G$153),"Error") | H37: =SUM(F194:I194) | I37: =E37+F37-G37-H37 | J37: =E194 | K37: =J37-I37 | L37: =+'MERMAS S1'!D33 | N37: =IF(K37<0,K37*L37,0)
D38: Brownie Vegano | F38: =E265 | G38: =IFERROR(SUMPRODUCT(($F$66:$F$153=D38)*$E$66:$E$153*$G$66:$G$153),"Error") | H38: =SUM(F195:I195) | I38: =E38+F38-G38-H38 | J38: =E195 | K38: =J38-I38 | L38: =+'MERMAS S1'!D34 | N38: =IF(K38<0,K38*L38,0)
D39: Cheesecake de Berries | F39: =E262 | G39: =IFERROR(SUMPRODUCT(($F$66:$F$153="Cheesecake Berries")*$E$66:$E$153*$G$66:$G$153),"Error") | H39: =SUM(F196:I196) | I39: =E39+F39-G39-H39 | J39: =E196 | K39: =J39-I39 | L39: =+'MERMAS S1'!D35 | N39: =IF(K39<0,K39*L39,0)
D40: Cheesecake de Limón | F40: =E263 | G40: =IFERROR(SUMPRODUCT(($F$66:$F$153=D40)*$E$66:$E$153*$G$66:$G$153),"Error") | H40: =SUM(F197:H197) | I40: =E40+F40-G40-H40 | J40: =E197 | K40: =J40-I40 | L40: =+'MERMAS S1'!D36 | N40: =IF(K40<0,K40*L40,0)
D41: Chocolate Blanco | F41: =H262 | G41: =J262 | H41: =SUM(F198:I198) | I41: =E41+F41-G41-H41 | J41: =E198 | K41: =J41-I41 | L41: =+'MERMAS S1'!D37 | N41: =IF(K41<0,K41*L41,0)
D42: Chocolate Leche | F42: =H263 | G42: =J263 | H42: =SUM(F199:I199) | I42: =E42+F42-G42-H42 | J42: =E199 | K42: =J42-I42 | L42: =+'MERMAS S1'!D38 | N42: =IF(K42<0,K42*L42,0)
D43: Chocolate Negro | F43: =H264 | G43: =J264 | H43: =SUM(F200:I200) | I43: =E43+F43-G43-H43 | J43: =E200 | K43: =J43-I43 | L43: =+'MERMAS S1'!D39 | N43: =IF(K43<0,K43*L43,0)
D44: Chocolate Neucober Cobertura | F44: =H265 | G44: =J265 | H44: =SUM(F201:I201) | I44: =E44+F44-G44-H44 | J44: =E201 | K44: =J44-I44 | L44: =+'MERMAS S1'!D40 | N44: =IF(K44<0,K44*L44,0)
D45: Chocolate Sicao Cobertura | F45: =H266 | G45: =J266 | H45: =SUM(F202:I202) | I45: =E45+F45-G45-H45 | J45: =E202 | K45: =J45-I45 | L45: =+'MERMAS S1'!D41 | N45: =IF(K45<0,K45*L45,0)
D46: Discos de Chocolate | F46: =E268 | G46: =E91 | H46: =SUM(F203:I203) | I46: =E46+F46-G46-H46 | J46: =E203 | K46: =J46-I46 | L46: =+'MERMAS S1'!D42 | N46: =IF(K46<0,K46*L46,0)
D47: Empanada Mechada | F47: =E225 | G47: =IFERROR(SUMPRODUCT(($F$66:$F$153=D47)*$E$66:$E$153*$G$66:$G$153),"Error") | H47: =(SUM(F204:I204)*4)+SUM(F205:I205) | I47: =E47+F47-G47-H47 | J47: =(E204*4)+E205 | K47: =J47-I47 | L47: =+'MERMAS S1'!D43 | N47: =IF(K47<0,K47*L47,0)
D48: Empanada Pulpo | F48: =H247 | G48: =IFERROR(SUMPRODUCT(($F$66:$F$153=D48)*$E$66:$E$153*$G$66:$G$153),"Error") | H48: =(SUM(F206:I206)*4)+SUM(F207:I207) | I48: =E48+F48-G48-H48 | J48: =(E206*4)+E207 | K48: =J48-I48 | L48: =+'MERMAS S1'!D44 | N48: =IF(K48<0,K48*L48,0)
D49: Flan de Caluga | F49: =E266 | G49: =IFERROR(SUMPRODUCT(($F$66:$F$153=D49)*$E$66:$E$153*$G$66:$G$153),"Error") | H49: =SUM(F208:I208) | I49: =E49+F49-G49-H49 | J49: =E208 | K49: =J49-I49 | L49: =+'MERMAS S1'!D45 | N49: =IF(K49<0,K49*L49,0)
D50: Granola salada | F50: =IF( SUMPRODUCT(--ISNUMBER(SEARCH(D50,$D$221:$D$242))) + SUMPRODUCT(--ISNUMBER(SEARCH(D50,$D$262:$D$267)))=0, "Error", SUMPRODUCT((ISNUMBER(SEARCH(D50,$D$221:$D$242)))*$E$221:$E$242) + SUMPRODUCT((ISNUMBER(SEARCH(D50,$D$262:$D$267)))*$E$262:$E$267) ) | G50: =IFERROR(SUMPRODUCT(($F$66:$F$153=D50)*$E$66:$E$153*$G$66:$G$153),"Error") | H50: =SUM(F209:I209) | I50: =E50+F50-G50-H50 | J50: =E209 | K50: =J50-I50 | L50: =+'MERMAS S1'!D46 | N50: =IF(K50<0,K50*L50,0)
D51: Mix Conchas | F51: =H253 | G51: =IFERROR(SUMPRODUCT(($F$66:$F$153=D51)*$E$66:$E$153*$G$66:$G$153),"Error") | H51: =SUM(F210:I210) | I51: =E51+F51-G51-H51 | J51: =E210 | K51: =J51-I51 | L51: =+'MERMAS S1'!D47 | N51: =IF(K51<0,K51*L51,0)
D52: Nutella | F52: =H267 | G52: =J267 | H52: =SUM(F211:I211) | I52: =E52+F52-G52-H52 | J52: =E211 | K52: =J52-I52 | L52: =+'MERMAS S1'!D48 | N52: =IF(K52<0,K52*L52,0)
D53: Queso Mozzarella | F53: =E236 | G53: =IFERROR(SUMPRODUCT(($F$66:$F$153=D53)*$E$66:$E$153*$G$66:$G$153),"Error") | H53: =SUM(F212:I212) | I53: =E53+F53-G53-H53 | J53: =E212 | K53: =J53-I53 | L53: =+'MERMAS S1'!D49 | N53: =IF(K53<0,K53*L53,0)
D54: Sorrentinos carne mechada | F54: =E240 | G54: =IFERROR(SUMPRODUCT(($F$66:$F$153=D54)*$E$66:$E$153*$G$66:$G$153),"Error") | H54: =SUM(F213:I213) | I54: =E54+F54-G54-H54 | J54: =E213 | K54: =J54-I54 | L54: =+'MERMAS S1'!D50 | N54: =IF(K54<0,K54*L54,0)
D55: Sorrentinos pulpo y salmón | F55: =E241 | G55: =IFERROR(SUMPRODUCT(($F$66:$F$153=D55)*$E$66:$E$153*$G$66:$G$153),"Error") | H55: =SUM(F214:I214) | I55: =E55+F55-G55-H55 | J55: =E214 | K55: =J55-I55 | L55: =+'MERMAS S1'!D51 | N55: =IF(K55<0,K55*L55,0)
D56: Sorrentinos zapallo | F56: =E242 | G56: =IFERROR(SUMPRODUCT(($F$66:$F$153=D56)*$E$66:$E$153*$G$66:$G$153),"Error") | H56: =SUM(F215:I215) | I56: =E56+F56-G56-H56 | J56: =E215 | K56: =J56-I56 | L56: =+'MERMAS S1'!D52 | N56: =IF(K56<0,K56*L56,0)
D57: Volcán de Chocolate | F57: =E267 | G57: =IFERROR(SUMPRODUCT(($F$66:$F$153=D57)*$E$66:$E$153*$G$66:$G$153),"Error") | H57: =SUM(F216:I216) | I57: =E57+F57-G57-H57 | J57: =E216 | K57: =J57-I57 | L57: =+'MERMAS S1'!D53 | N57: =IF(K57<0,K57*L57,0)
I59: DIFERENCIAS PROMEDIO | K59: =SUM(K37:K57) | M59: DCTO. TOTAL | N59: =SUM(N37:N57)
C64: VENTAS
C65: Código | D65: Ítem | E65: Vendido | F65: Producto | G65: Cantidad | H65: Medida
C66: VECARAGR013 | D66: Age Salmon Ahumado | E66: =IFERROR( IF( INDEX($K$272:$K$977,MATCH(C66,$B$272:$B$977,0))<>0, INDEX($K$272:$K$977,MATCH(C66,$B$272:$B$977,0)), INDEX($L$272:$L$977,MATCH(C66,$B$272:$B$977,0)) ), 0) | F66: Salmón ahumado en Caliente | G66: 0.12 | H66: Kg
C67: VECARAGR007 | D67: Agr. Jamon Crudo | E67: =IFERROR( IF( INDEX($K$272:$K$977,MATCH(C67,$B$272:$B$977,0))<>0, INDEX($K$272:$K$977,MATCH(C67,$B$272:$B$977,0)), INDEX($L$272:$L$977,MATCH(C67,$B$272:$B$977,0)) ), 0) | F67: Jamón serrano | G67: 0.03 | H67: Kg
C68: VECARENT001 | D68: Atún Apanado | E68: =IFERROR( IF( INDEX($K$272:$K$977,MATCH(C68,$B$272:$B$977,0))<>0, INDEX($K$272:$K$977,MATCH(C68,$B$272:$B$977,0)), INDEX($L$272:$L$977,MATCH(C68,$B$272:$B$977,0)) ), 0) | F68: Atún Steak | G68: 0.18 | H68: Kg
C69: VECARFJT001 | D69: Atún Sellado JT | E69: =IFERROR( IF( INDEX($K$272:$K$977,MATCH(C69,$B$272:$B$977,0))<>0, INDEX($K$272:$K$977,MATCH(C69,$B$272:$B$977,0)), INDEX($L$272:$L$977,MATCH(C69,$B$272:$B$977,0)) ), 0) | F69: Atún Steak | G69: 0.18 | H69: Kg
C70: VECARFON002 | D70: Atún Risotto | E70: =IFERROR( IF( INDEX($K$272:$K$977,MATCH(C70,$B$272:$B$977,0))<>0, INDEX($K$272:$K$977,MATCH(C70,$B$272:$B$977,0)), INDEX($L$272:$L$977,MATCH(C70,$B$272:$B$977,0)) ), 0) | F70: Atún Steak | G70: 0.18 | H70: Kg
C71: VECARFUB001 | D71: Atún Risotto PY | E71: =IFERROR( IF( INDEX($K$272:$K$977,MATCH(C71,$B$272:$B$977,0))<>0, INDEX($K$272:$K$977,MATCH(C71,$B$272:$B$977,0)), INDEX($L$272:$L$977,MATCH(C71,$B$272:$B$977,0)) ), 0) | F71: Atún Steak | G71: 0.18 | H71: Kg
C72: VECARENT034 | D72: Brocheta Langostino | E72: =IFERROR( IF( INDEX($K$272:$K$977,MATCH(C72,$B$272:$B$977,0))<>0, INDEX($K$272:$K$977,MATCH(C72,$B$272:$B$977,0)), INDEX($L$272:$L$977,MATCH(C72,$B$272:$B$977,0)) ), 0) | F72: Langostinos | G72: 1 | H72: Und
C73: VECARPOS013 | D73: Brownie Choc Vegano | E73: =IFERROR( IF( INDEX($K$272:$K$977,MATCH(C73,$B$272:$B$977,0))<>0, INDEX($K$272:$K$977,MATCH(C73,$B$272:$B$977,0)), INDEX($L$272:$L$977,MATCH(C73,$B$272:$B$977,0)) ), 0) | F73: Brownie Vegano | G73: 1 | H73: Kg
C74: VECARPOS024 | D74: Brownie Nutella | E74: =IFERROR( IF( INDEX($K$272:$K$977,MATCH(C74,$B$272:$B$977,0))<>0, INDEX($K$272:$K$977,MATCH(C74,$B$272:$B$977,0)), INDEX($L$272:$L$977,MATCH(C74,$B$272:$B$977,0)) ), 0) | F74: Brownie Nutella | G74: 1 | H74: Kg
C75: VECARPUB012 | D75: Brownie Nutella PY | E75: =IFERROR( IF( INDEX($K$272:$K$977,MATCH(C75,$B$272:$B$977,0))<>0, INDEX($K$272:$K$977,MATCH(C75,$B$272:$B$977,0)), INDEX($L$272:$L$977,MATCH(C75,$B$272:$B$977,0)) ), 0) | F75: Brownie Nutella | G75: 1 | H75: Kg
C76: VECARPJT005 | D76: Brownie Vegano JT | E76: =IFERROR( IF( INDEX($K$272:$K$977,MATCH(C76,$B$272:$B$977,0))<>0, INDEX($K$272:$K$977,MATCH(C76,$B$272:$B$977,0)), INDEX($L$272:$L$977,MATCH(C76,$B$272:$B$977,0)) ), 0) | F76: Brownie Vegano | G76: 1 | H76: Kg
C77: VECARPUB005 | D77: Brownie Vegano PY | E77: =IFERROR( IF( INDEX($K$272:$K$977,MATCH(C77,$B$272:$B$977,0))<>0, INDEX($K$272:$K$977,MATCH(C77,$B$272:$B$977,0)), INDEX($L$272:$L$977,MATCH(C77,$B$272:$B$977,0)) ), 0) | F77: Brownie Vegano | G77: 1 | H77: Kg
... C153: VECARPOS011 | D153: Volcán de Chocolate | E153: =IFERROR( IF( INDEX($K$272:$K$977,MATCH(C153,$B$272:$B$977,0))<>0, INDEX($K$272:$K$977,MATCH(C153,$B$272:$B$977,0)), INDEX($L$272:$L$977,MATCH(C153,$B$272:$B$977,0)) ), 0) | F153: Volcán de Chocolate | G153: 1 | H153: Kg
B157: GRAMAJE | C157: MEDIDA | D157: PRODUCTOS | E157: STOCK INFORMADO | F157: * MERMAS EN KILOGRAMOS
F158: PRODUCCIÓN | G158: DEFECTUOSOS | H158: CLIENTES | I158: CORTESÍA | J158: REUTILIZAR
B159: 0.18 | C159: Kg | D159: Atún apanado
B160: 0.25 | C160: Kg | D160: Atún Trozos
B161: 1 | C161: Kg | D161: Almejas Julianas
B162: 0.12 | C162: Kg | D162: Carpaccio de res
B163: 0.1 | C163: Kg | D163: Ceviche de Reineta
B164: 0.15 | C164: Kg | D164: Congrio
B165: 1 | C165: Porción | D165: Chupe de Salmón
B166: 1 | C166: Kg | D166: Despunte de pulpo
B167: 1 | C167: Kg | D167: Filete despunte
B168: 0.12 | C168: Kg | D168: Filete para churrasco
B169: 0.48 | C169: Kg | D169: Filete para crudo
B170: 0.16 | C170: Kg | D170: Filete salteado
... B190: 0.18 | C190: Kg | D190: Tártaro de atún
B192: UNIDADES | C192: MEDIDA | D192: PRODUCTOS
B194: 1 | C194: Und | D194: Brownie Nutella
B195: 4 | C195: Und | D195: Brownie Vegano
B196: 1 | C196: Und | D196: Cheesecake de Berries
B197: 1 | C197: Und | D197: Cheesecake de limón
B198: 1 | C198: Kg | D198: Chocolate Blanco
B199: 1 | C199: Kg | D199: Chocolate Leche
B200: 1 | C200: Kg | D200: Chocolate Negro
B201: 1 | C201: Kg | D201: Chocolate Neucober Cobertura
B202: 1 | C202: Kg | D202: Chocolate Sicao Cobertura
B203: 1 | C203: Und | D203: Discos de Chocolate
B204: 4 | C204: Pax | D204: Empanada mechada
B205: 1 | C205: Und | D205: Empanada mechada sueltas
... B216: 1 | C216: Und | D216: Volcán de chocolate
D219: ENTREGAS A COCINA/SALIDA DE BODEGA
...

Sheet S1 Miércoles
D2: PRODUCTOS | E2: + | F2: + | G2: (-) | H2: (-) | I2: = | J2: = | K2: = | L2: $ | N2: $
E3: Stock Inicial | F3: Entregas | G3: Ventas | H3: Mermas | I3: Stock Real | J3: Stock Informado | K3: Diferencias | L3: Precio | N3: Descuento
D4: Atún Steak | F4: =E221 | G4: =IFERROR(SUMPRODUCT(($F$66:$F$153="Atún Steak")*$E$66:$E$153*$G$66:$G$153),"Error") | H4: =SUM(F159:J159) | I4: =E4+F4-G4-H4 | J4: =E159 | K4: =J4-I4 | L4: =+'MERMAS S1'!D5 | N4: =IF(K4<0,K4*L4,0)
D5: Atún Trozos | F5: =E222 | G5: =IFERROR(SUMPRODUCT(($F$66:$F$153="Atún Trozos")*$E$66:$E$153*$G$66:$G$153),"Error") | H5: =SUM(F160:I160)+SUM(F190:I190) | I5: =E5+F5-G5-H5 | J5: =E160+E190 | K5: =J5-I5 | L5: =+'MERMAS S1'!D6 | N5: =IF(K5<0,K5*L5,0)
D6: Almejas Julianas | F6: =E254 | G6: =K254 | H6: =SUM(F161:I161)+J254 | I6: =E6+F6-G6-H6 | J6: =E161 | K6: =J6-I6 | L6: =+'MERMAS S1'!D7 | N6: =IF(K6<0,K6*L6,0)
D7: Carpaccio de res | F7: =E223 | G7: =IFERROR(SUMPRODUCT(($F$66:$F$153="Carpaccio de res")*$E$66:$E$153*$G$66:$G$153),"Error") | H7: =SUM(F162:I162) | I7: =E7+F7-G7-H7 | J7: =E162 | K7: =J7-I7 | L7: =+'MERMAS S1'!D8 | N7: =IF(K7<0,K7*L7,0)
D8: Chupe | F8: =H258 | G8: =E90 | H8: =SUM(F165:I165) | I8: =E8+F8-G8-H8 | J8: =E165 | K8: =J8-I8 | L8: =+'MERMAS S1'!D9 | N8: =IF(K8<0,K8*L8,0)
D9: Congrio | F9: =E252 | G9: =IFERROR(SUMPRODUCT(($F$66:$F$153="Congrio")*$E$66:$E$153*$G$66:$G$153),"Error") | H9: =J252+SUM(F164:I164) | I9: =E9+F9-G9-H9 | J9: =E164 | K9: =J9-I9 | L9: =+'MERMAS S1'!D10 | N9: =IF(K9<0,K9*L9,0)
D10: Filete despunte | F10: =E255 | G10: =K255+K256 | H10: =SUM(J255:J256)+SUM(F167:I167) | I10: =E10+F10-G10-H10 | J10: =E167 | K10: =J10-I10 | L10: =+'MERMAS S1'!D11 | N10: =IF(K10<0,K10*L10,0)
D11: Filete para churrasco | F11: =E226 | G11: =IFERROR(SUMPRODUCT(($F$66:$F$153="Filete para churrasco")*$E$66:$E$153*$G$66:$G$153),"Error") | H11: =SUM(F168:I168) | I11: =E11+F11-G11-H11 | J11: =E168 | K11: =J11-I11 | L11: =+'MERMAS S1'!D12 | N11: =IF(K11<0,K11*L11,0)
D12: Filete para crudo | F12: =E227 | G12: =IFERROR(SUMPRODUCT(($F$66:$F$153="Filete para crudo")*$E$66:$E$153*$G$66:$G$153),"Error") | H12: =SUM(F169:I169)+SUM(F189:I189) | I12: =E12+F12-G12-H12 | J12: =E169 +IFERROR(INDEX($E$159:$E$215,MATCH("Tartar de Res",$D$159:$D$215,0)),0) | K12: =J12-I12 | L12: =+'MERMAS S1'!D13 | N12: =IF(K12<0,K12*L12,0)
D13: Filete Salteado | F13: =E228 | G13: =IFERROR(SUMPRODUCT(($F$66:$F$153=D13)*$E$66:$E$153*$G$66:$G$153),"Error") | H13: =SUM(F170:I170) | I13: =E13+F13-G13-H13 | J13: =E170 | K13: =J13-I13 | L13: =+'MERMAS S1'!D14 | N13: =IF(K13<0,K13*L13,0)
D14: Ganso | F14: =E229 | G14: =IFERROR(SUMPRODUCT(($F$66:$F$153=D14)*$E$66:$E$153*$G$66:$G$153),"Error") | H14: =SUM(F171:I171)+SUM(F180:I180) | I14: =E14+F14-G14-H14 | J14: =E171 +IFERROR(INDEX($E$159:$E$215,MATCH("Paila de Carne",$D$159:$D$215,0)),0) | K14: =J14-I14 | L14: =+'MERMAS S1'!D15 | N14: =IF(K14<0,K14*L14,0)
D15: Hamburguesas | F15: =E231 | G15: =IFERROR(SUMPRODUCT(($F$66:$F$153=D15)*$E$66:$E$153*$G$66:$G$153),"Error") | H15: =SUM(F172:I172) | I15: =E15+F15-G15-H15 | J15: =E172 | K15: =J15-I15 | L15: =+'MERMAS S1'!D16 | N15: =IF(K15<0,K15*L15,0)
D16: Jamón serrano | F16: =E232 | G16: =IFERROR(SUMPRODUCT(($F$66:$F$153=D16)*$E$66:$E$153*$G$66:$G$153),"Error") | H16: =SUM(F174:I174) | I16: =E16+F16-G16-H16 | J16: =E174 | K16: =J16-I16 | L16: =+'MERMAS S1'!D17 | N16: =IF(K16<0,K16*L16,0)
D17: Langostinos | F17: =H248 | G17: =IFERROR(SUMPRODUCT(($F$66:$F$153=D17)*$E$66:$E$153*$G$66:$G$153),"Error") | H17: =SUM(F173:I173) | I17: =E17+F17-G17-H17 | J17: =E173 | K17: =J17-I17 | L17: =+'MERMAS S1'!D18 | N17: =IF(K17<0,K17*L17,0)
D18: Lasagna de Berenjenas | F18: =H257 | G18: =E120 | H18: =SUM(F175:I175) | I18: =E18+F18-G18-H18 | J18: =E175 | K18: =J18-I18 | L18: =+'MERMAS S1'!D19 | N18: =IF(K18<0,K18*L18,0)
D19: Locos | F19: =E249 | G19: =IFERROR(SUMPRODUCT(($F$66:$F$153=D19)*$E$66:$E$153*$G$66:$G$153),"Error") | H19: =SUM(F177:I177)+J249 | I19: =E19+F19-G19-H19 | J19: =E177 | K19: =J19-I19 | L19: =+'MERMAS S1'!D20 | N19: =IF(K19<0,K19*L19,0)
D20: Lomo liso | F20: =E233 | G20: =IFERROR(SUMPRODUCT(($F$66:$F$153=D20)*$E$66:$E$153*$G$66:$G$153),"Error") | H20: =SUM(F176:I176) | I20: =E20+F20-G20-H20 | J20: =E176 | K20: =J20-I20 | L20: =+'MERMAS S1'!D21 | N20: =IF(K20<0,K20*L20,0)
D21: Mejillones | F21: =E253 | G21: =K253 | H21: =J253+SUM(F178:I178) | I21: =E21+F21-G21-H21 | J21: =E178 | K21: =J21-I21 | L21: =+'MERMAS S1'!D22 | N21: =IF(K21<0,K21*L21,0)
D22: Merluza | F22: =E250 | G22: =IFERROR(SUMPRODUCT(($F$66:$F$153=D22)*$E$66:$E$153*$G$66:$G$153),"Error") | H22: =SUM(F179:I179)+J250 | I22: =E22+F22-G22-H22 | J22: =E179 | K22: =J22-I22 | L22: =+'MERMAS S1'!D23 | N22: =IF(K22<0,K22*L22,0)
D23: Plateada | F23: =E234 | G23: =IFERROR(SUMPRODUCT(($F$66:$F$153=D23)*$E$66:$E$153*$G$66:$G$153),"Error") | H23: =SUM(F181:I181) | I23: =E23+F23-G23-H23 | J23: =E181 | K23: =J23-I23 | L23: =+'MERMAS S1'!D24 | N23: =IF(K23<0,K23*L23,0)
D24: Pulpo | F24: =E235 | G24: =IFERROR(SUMPRODUCT(($F$66:$F$153=D24)*$E$66:$E$153*$G$66:$G$153),"Error") | H24: =SUM(F182:I182) | I24: =E24+F24-G24-H24 | J24: =E182 | K24: =J24-I24 | L24: =+'MERMAS S1'!D25 | N24: =IF(K24<0,K24*L24,0)
D25: Ragout Lasagna | F25: =H255 | G25: =E257 | H25: =SUM(F183:I183)+J257 | I25: =E25+F25-G25-H25 | J25: =E183 | K25: =J25-I25 | L25: =+'MERMAS S1'!D26 | N25: =IF(K25<0,K25*L25,0)
D26: Ragout Rigatoni | F26: =H256 | G26: =E133 | H26: =SUM(F184:I184) | I26: =E26+F26-G26-H26 | J26: =E184 | K26: =J26-I26 | L26: =+'MERMAS S1'!D27 | N26: =IF(K26<0,K26*L26,0)
D27: Reineta | F27: =E251 | G27: =IFERROR(SUMPRODUCT(($F$66:$F$153=D27)*$E$66:$E$153*$G$66:$G$153),"Error") | H27: =SUM(F163:I163)+J251 | I27: =E27+F27-G27-H27 | J27: =E163 | K27: =J27-I27 | L27: =+'MERMAS S1'!D28 | N27: =IF(K27<0,K27*L27,0)
D28: Salmón ahumado en frío | F28: =E258 | G28: =K258 | H28: =J258 | I28: =E28+F28-G28-H28 | J28: =E185 | K28: =J28-I28 | L28: =+'MERMAS S1'!D29 | N28: =IF(K28<0,K28*L28,0)
D29: Salmón ahumado en Caliente | F29: =E237 | G29: =IFERROR(SUMPRODUCT(($F$66:$F$153=D29)*$E$66:$E$153*$G$66:$G$153),"Error") | H29: =SUM(F186:I186) | I29: =E29+F29-G29-H29 | J29: =E186 | K29: =J29-I29 | L29: =+'MERMAS S1'!D30 | N29: =IF(K29<0,K29*L29,0)
D30: Salmón cancato | F30: =E238 | G30: =IFERROR(SUMPRODUCT(($F$66:$F$153=D30)*$E$66:$E$153*$G$66:$G$153),"Error") | H30: =SUM(F187:I187) | I30: =E30+F30-G30-H30 | J30: =E187 | K30: =J30-I30 | L30: =+'MERMAS S1'!D31 | N30: =IF(K30<0,K30*L30,0)
D31: Salmón fresco premium | F31: =E239 | G31: =IFERROR(SUMPRODUCT(($F$66:$F$153=D31)*$E$66:$E$153*$G$66:$G$153),"Error") | H31: =SUM(F188:I188) | I31: =E31+F31-G31-H31 | J31: =E188 | K31: =J31-I31 | L31: =+'MERMAS S1'!D32 | N31: =IF(K31<0,K31*L31,0)
I33: DIFERENCIAS PROMEDIO | K33: =SUM(K7:K31) | M33: DCTO. TOTAL | N33: =SUM(N7:N31)
F35: + | G35: (-) | H35: (-) | I35: = | J35: = | K35: = | L35: $ | N35: $
D36: PRODUCTOS | F36: Entregas | G36: Ventas | H36: Mermas | I36: Stock Real | J36: Stock Informado | K36: Diferencias | L36: Precio | N36: Descuento
D37: Brownie Nutella | F37: =E264 | G37: =IFERROR(SUMPRODUCT(($F$66:$F$153=D37)*$E$66:$E$153*$G$66:$G$153),"Error") | H37: =SUM(F194:I194) | I37: =E37+F37-G37-H37 | J37: =E194 | K37: =J37-I37 | L37: =+'MERMAS S1'!D33 | N37: =IF(K37<0,K37*L37,0)
D38: Brownie Vegano | F38: =E265 | G38: =IFERROR(SUMPRODUCT(($F$66:$F$153=D38)*$E$66:$E$153*$G$66:$G$153),"Error") | H38: =SUM(F195:I195) | I38: =E38+F38-G38-H38 | J38: =E195 | K38: =J38-I38 | L38: =+'MERMAS S1'!D34 | N38: =IF(K38<0,K38*L38,0)
D39: Cheesecake de Berries | F39: =E262 | G39: =IFERROR(SUMPRODUCT(($F$66:$F$153="Cheesecake Berries")*$E$66:$E$153*$G$66:$G$153),"Error") | H39: =SUM(F196:I196) | I39: =E39+F39-G39-H39 | J39: =E196 | K39: =J39-I39 | L39: =+'MERMAS S1'!D35 | N39: =IF(K39<0,K39*L39,0)
D40: Cheesecake de Limón | F40: =E263 | G40: =IFERROR(SUMPRODUCT(($F$66:$F$153=D40)*$E$66:$E$153*$G$66:$G$153),"Error") | H40: =SUM(F197:H197) | I40: =E40+F40-G40-H40 | J40: =E197 | K40: =J40-I40 | L40: =+'MERMAS S1'!D36 | N40: =IF(K40<0,K40*L40,0)
D41: Chocolate Blanco | F41: =H262 | G41: =J262 | H41: =SUM(F198:I198) | I41: =E41+F41-G41-H41 | J41: =E198 | K41: =J41-I41 | L41: =+'MERMAS S1'!D37 | N41: =IF(K41<0,K41*L41,0)
D42: Chocolate Leche | F42: =H263 | G42: =J263 | H42: =SUM(F199:I199) | I42: =E42+F42-G42-H42 | J42: =E199 | K42: =J42-I42 | L42: =+'MERMAS S1'!D38 | N42: =IF(K42<0,K42*L42,0)
D43: Chocolate Negro | F43: =H264 | G43: =J264 | H43: =SUM(F200:I200) | I43: =E43+F43-G43-H43 | J43: =E200 | K43: =J43-I43 | L43: =+'MERMAS S1'!D39 | N43: =IF(K43<0,K43*L43,0)
D44: Chocolate Neucober Cobertura | F44: =H265 | G44: =J265 | H44: =SUM(F201:I201) | I44: =E44+F44-G44-H44 | J44: =E201 | K44: =J44-I44 | L44: =+'MERMAS S1'!D40 | N44: =IF(K44<0,K44*L44,0)
D45: Chocolate Sicao Cobertura | F45: =H266 | G45: =J266 | H45: =SUM(F202:I202) | I45: =E45+F45-G45-H45 | J45: =E202 | K45: =J45-I45 | L45: =+'MERMAS S1'!D41 | N45: =IF(K45<0,K45*L45,0)
D46: Discos de Chocolate | F46: =E268 | G46: =E91 | H46: =SUM(F203:I203) | I46: =E46+F46-G46-H46 | J46: =E203 | K46: =J46-I46 | L46: =+'MERMAS S1'!D42 | N46: =IF(K46<0,K46*L46,0)
D47: Empanada Mechada | F47: =E225 | G47: =IFERROR(SUMPRODUCT(($F$66:$F$153=D47)*$E$66:$E$153*$G$66:$G$153),"Error") | H47: =(SUM(F204:I204)*4)+SUM(F205:I205) | I47: =E47+F47-G47-H47 | J47: =(E204*4)+E205 | K47: =J47-I47 | L47: =+'MERMAS S1'!D43 | N47: =IF(K47<0,K47*L47,0)
D48: Empanada Pulpo | F48: =H247 | G48: =IFERROR(SUMPRODUCT(($F$66:$F$153=D48)*$E$66:$E$153*$G$66:$G$153),"Error") | H48: =(SUM(F206:I206)*4)+SUM(F207:I207) | I48: =E48+F48-G48-H48 | J48: =(E206*4)+E207 | K48: =J48-I48 | L48: =+'MERMAS S1'!D44 | N48: =IF(K48<0,K48*L48,0)
D49: Flan de Caluga | F49: =E266 | G49: =IFERROR(SUMPRODUCT(($F$66:$F$153=D49)*$E$66:$E$153*$G$66:$G$153),"Error") | H49: =SUM(F208:I208) | I49: =E49+F49-G49-H49 | J49: =E208 | K49: =J49-I49 | L49: =+'MERMAS S1'!D45 | N49: =IF(K49<0,K49*L49,0)
D50: Granola salada | F50: =IF( SUMPRODUCT(--ISNUMBER(SEARCH(D50,$D$221:$D$242))) + SUMPRODUCT(--ISNUMBER(SEARCH(D50,$D$262:$D$267)))=0, "Error", SUMPRODUCT((ISNUMBER(SEARCH(D50,$D$221:$D$242)))*$E$221:$E$242) + SUMPRODUCT((ISNUMBER(SEARCH(D50,$D$262:$D$267)))*$E$262:$E$267) ) | G50: =IFERROR(SUMPRODUCT(($F$66:$F$153=D50)*$E$66:$E$153*$G$66:$G$153),"Error") | H50: =SUM(F209:I209) | I50: =E50+F50-G50-H50 | J50: =E209 | K50: =J50-I50 | L50: =+'MERMAS S1'!D46 | N50: =IF(K50<0,K50*L50,0)
D51: Mix Conchas | F51: =H253 | G51: =IFERROR(SUMPRODUCT(($F$66:$F$153=D51)*$E$66:$E$153*$G$66:$G$153),"Error") | H51: =SUM(F210:I210) | I51: =E51+F51-G51-H51 | J51: =E210 | K51: =J51-I51 | L51: =+'MERMAS S1'!D47 | N51: =IF(K51<0,K51*L51,0)
D52: Nutella | F52: =H267 | G52: =J267 | H52: =SUM(F211:I211) | I52: =E52+F52-G52-H52 | J52: =E211 | K52: =J52-I52 | L52: =+'MERMAS S1'!D48 | N52: =IF(K52<0,K52*L52,0)
D53: Queso Mozzarella | F53: =E236 | G53: =IFERROR(SUMPRODUCT(($F$66:$F$153=D53)*$E$66:$E$153*$G$66:$G$153),"Error") | H53: =SUM(F212:I212) | I53: =E53+F53-G53-H53 | J53: =E212 | K53: =J53-I53 | L53: =+'MERMAS S1'!D49 | N53: =IF(K53<0,K53*L53,0)
D54: Sorrentinos carne mechada | F54: =E240 | G54: =IFERROR(SUMPRODUCT(($F$66:$F$153=D54)*$E$66:$E$153*$G$66:$G$153),"Error") | H54: =SUM(F213:I213) | I54: =E54+F54-G54-H54 | J54: =E213 | K54: =J54-I54 | L54: =+'MERMAS S1'!D50 | N54: =IF(K54<0,K54*L54,0)
D55: Sorrentinos pulpo y salmón | F55: =E241 | G55: =IFERROR(SUMPRODUCT(($F$66:$F$153=D55)*$E$66:$E$153*$G$66:$G$153),"Error") | H55: =SUM(F214:I214) | I55: =E55+F55-G55-H55 | J55: =E214 | K55: =J55-I55 | L55: =+'MERMAS S1'!D51 | N55: =IF(K55<0,K55*L55,0)
D56: Sorrentinos zapallo | F56: =E242 | G56: =IFERROR(SUMPRODUCT(($F$66:$F$153=D56)*$E$66:$E$153*$G$66:$G$153),"Error") | H56: =SUM(F215:I215) | I56: =E56+F56-G56-H56 | J56: =E215 | K56: =J56-I56 | L56: =+'MERMAS S1'!D52 | N56: =IF(K56<0,K56*L56,0)
D57: Volcán de Chocolate | F57: =E267 | G57: =IFERROR(SUMPRODUCT(($F$66:$F$153=D57)*$E$66:$E$153*$G$66:$G$153),"Error") | H57: =SUM(F216:I216) | I57: =E57+F57-G57-H57 | J57: =E216 | K57: =J57-I57 | L57: =+'MERMAS S1'!D53 | N57: =IF(K57<0,K57*L57,0)
I59: DIFERENCIAS PROMEDIO | K59: =SUM(K37:K57) | M59: DCTO. TOTAL | N59: =SUM(N37:N57)
C64: VENTAS
C65: Código | D65: Ítem | E65: Vendido | F65: Producto | G65: Cantidad | H65: Medida
C66: VECARAGR013 | D66: Age Salmon Ahumado | E66: =IFERROR( IF( INDEX($K$272:$K$977,MATCH(C66,$B$272:$B$977,0))<>0, INDEX($K$272:$K$977,MATCH(C66,$B$272:$B$977,0)), INDEX($L$272:$L$977,MATCH(C66,$B$272:$B$977,0)) ), 0) | F66: Salmón ahumado en Caliente | G66: 0.12 | H66: Kg
C67: VECARAGR007 | D67: Agr. Jamon Crudo | E67: =IFERROR( IF( INDEX($K$272:$K$977,MATCH(C67,$B$272:$B$977,0))<>0, INDEX($K$272:$K$977,MATCH(C67,$B$272:$B$977,0)), INDEX($L$272:$L$977,MATCH(C67,$B$272:$B$977,0)) ), 0) | F67: Jamón serrano | G67: 0.03 | H67: Kg
C68: VECARENT001 | D68: Atún Apanado | E68: =IFERROR( IF( INDEX($K$272:$K$977,MATCH(C68,$B$272:$B$977,0))<>0, INDEX($K$272:$K$977,MATCH(C68,$B$272:$B$977,0)), INDEX($L$272:$L$977,MATCH(C68,$B$272:$B$977,0)) ), 0) | F68: Atún Steak | G68: 0.18 | H68: Kg
C69: VECARFJT001 | D69: Atún Sellado JT | E69: =IFERROR( IF( INDEX($K$272:$K$977,MATCH(C69,$B$272:$B$977,0))<>0, INDEX($K$272:$K$977,MATCH(C69,$B$272:$B$977,0)), INDEX($L$272:$L$977,MATCH(C69,$B$272:$B$977,0)) ), 0) | F69: Atún Steak | G69: 0.18 | H69: Kg
C70: VECARFON002 | D70: Atún Risotto | E70: =IFERROR( IF( INDEX($K$272:$K$977,MATCH(C70,$B$272:$B$977,0))<>0, INDEX($K$272:$K$977,MATCH(C70,$B$272:$B$977,0)), INDEX($L$272:$L$977,MATCH(C70,$B$272:$B$977,0)) ), 0) | F70: Atún Steak | G70: 0.18 | H70: Kg
C71: VECARFUB001 | D71: Atún Risotto PY | E71: =IFERROR( IF( INDEX($K$272:$K$977,MATCH(C71,$B$272:$B$977,0))<>0, INDEX($K$272:$K$977,MATCH(C71,$B$272:$B$977,0)), INDEX($L$272:$L$977,MATCH(C71,$B$272:$B$977,0)) ), 0) | F71: Atún Steak | G71: 0.18 | H71: Kg
C72: VECARENT034 | D72: Brocheta Langostino | E72: =IFERROR( IF( INDEX($K$272:$K$977,MATCH(C72,$B$272:$B$977,0))<>0, INDEX($K$272:$K$977,MATCH(C72,$B$272:$B$977,0)), INDEX($L$272:$L$977,MATCH(C72,$B$272:$B$977,0)) ), 0) | F72: Langostinos | G72: 1 | H72: Und
C73: VECARPOS013 | D73: Brownie Choc Vegano | E73: =IFERROR( IF( INDEX($K$272:$K$977,MATCH(C73,$B$272:$B$977,0))<>0, INDEX($K$272:$K$977,MATCH(C73,$B$272:$B$977,0)), INDEX($L$272:$L$977,MATCH(C73,$B$272:$B$977,0)) ), 0) | F73: Brownie Vegano | G73: 1 | H73: Kg
C74: VECARPOS024 | D74: Brownie Nutella | E74: =IFERROR( IF( INDEX($K$272:$K$977,MATCH(C74,$B$272:$B$977,0))<>0, INDEX($K$272:$K$977,MATCH(C74,$B$272:$B$977,0)), INDEX($L$272:$L$977,MATCH(C74,$B$272:$B$977,0)) ), 0) | F74: Brownie Nutella | G74: 1 | H74: Kg
C75: VECARPUB012 | D75: Brownie Nutella PY | E75: =IFERROR( IF( INDEX($K$272:$K$977,MATCH(C75,$B$272:$B$977,0))<>0, INDEX($K$272:$K$977,MATCH(C75,$B$272:$B$977,0)), INDEX($L$272:$L$977,MATCH(C75,$B$272:$B$977,0)) ), 0) | F75: Brownie Nutella | G75: 1 | H75: Kg
C76: VECARPJT005 | D76: Brownie Vegano JT | E76: =IFERROR( IF( INDEX($K$272:$K$977,MATCH(C76,$B$272:$B$977,0))<>0, INDEX($K$272:$K$977,MATCH(C76,$B$272:$B$977,0)), INDEX($L$272:$L$977,MATCH(C76,$B$272:$B$977,0)) ), 0) | F76: Brownie Vegano | G76: 1 | H76: Kg
C77: VECARPUB005 | D77: Brownie Vegano PY | E77: =IFERROR( IF( INDEX($K$272:$K$977,MATCH(C77,$B$272:$B$977,0))<>0, INDEX($K$272:$K$977,MATCH(C77,$B$272:$B$977,0)), INDEX($L$272:$L$977,MATCH(C77,$B$272:$B$977,0)) ), 0) | F77: Brownie Vegano | G77: 1 | H77: Kg
... C153: VECARPOS011 | D153: Volcán de Chocolate | E153: =IFERROR( IF( INDEX($K$272:$K$977,MATCH(C153,$B$272:$B$977,0))<>0, INDEX($K$272:$K$977,MATCH(C153,$B$272:$B$977,0)), INDEX($L$272:$L$977,MATCH(C153,$B$272:$B$977,0)) ), 0) | F153: Volcán de Chocolate | G153: 1 | H153: Kg
B157: GRAMAJE | C157: MEDIDA | D157: PRODUCTOS | E157: STOCK INFORMADO | F157: * MERMAS EN KILOGRAMOS
F158: PRODUCCIÓN | G158: DEFECTUOSOS | H158: CLIENTES | I158: CORTESÍA | J158: REUTILIZAR
B159: 0.18 | C159: Kg | D159: Atún apanado
B160: 0.25 | C160: Kg | D160: Atún Trozos
B161: 1 | C161: Kg | D161: Almejas Julianas
B162: 0.12 | C162: Kg | D162: Carpaccio de res
B163: 0.1 | C163: Kg | D163: Ceviche de Reineta
B164: 0.15 | C164: Kg | D164: Congrio
B165: 1 | C165: Porción | D165: Chupe de Salmón
B166: 1 | C166: Kg | D166: Despunte de pulpo
B167: 1 | C167: Kg | D167: Filete despunte
B168: 0.12 | C168: Kg | D168: Filete para churrasco
B169: 0.48 | C169: Kg | D169: Filete para crudo
B170: 0.16 | C170: Kg | D170: Filete salteado
... B190: 0.18 | C190: Kg | D190: Tártaro de atún
B192: UNIDADES | C192: MEDIDA | D192: PRODUCTOS
B194: 1 | C194: Und | D194: Brownie Nutella
B195: 4 | C195: Und | D195: Brownie Vegano
B196: 1 | C196: Und | D196: Cheesecake de Berries
B197: 1 | C197: Und | D197: Cheesecake de limón
B198: 1 | C198: Kg | D198: Chocolate Blanco
B199: 1 | C199: Kg | D199: Chocolate Leche
B200: 1 | C200: Kg | D200: Chocolate Negro
B201: 1 | C201: Kg | D201: Chocolate Neucober Cobertura
B202: 1 | C202: Kg | D202: Chocolate Sicao Cobertura
B203: 1 | C203: Und | D203: Discos de Chocolate
B204: 4 | C204: Pax | D204: Empanada mechada
B205: 1 | C205: Und | D205: Empanada mechada sueltas
... B216: 1 | C216: Und | D216: Volcán de chocolate
D219: ENTREGAS A COCINA/SALIDA DE BODEGA
...

Sheet S1 Jueves
D2: PRODUCTOS | E2: + | F2: + | G2: (-) | H2: (-) | I2: = | J2: = | K2: = | L2: $ | N2: $
E3: Stock Inicial | F3: Entregas | G3: Ventas | H3: Mermas | I3: Stock Real | J3: Stock Informado | K3: Diferencias | L3: Precio | N3: Descuento
D4: Atún Steak | F4: =E221 | G4: =IFERROR(SUMPRODUCT(($F$66:$F$153="Atún Steak")*$E$66:$E$153*$G$66:$G$153),"Error") | H4: =SUM(F159:J159) | I4: =E4+F4-G4-H4 | J4: =E159 | K4: =J4-I4 | L4: =+'MERMAS S1'!D5 | N4: =IF(K4<0,K4*L4,0)
D5: Atún Trozos | F5: =E222 | G5: =IFERROR(SUMPRODUCT(($F$66:$F$153="Atún Trozos")*$E$66:$E$153*$G$66:$G$153),"Error") | H5: =SUM(F160:I160)+SUM(F190:I190) | I5: =E5+F5-G5-H5 | J5: =E160+E190 | K5: =J5-I5 | L5: =+'MERMAS S1'!D6 | N5: =IF(K5<0,K5*L5,0)
D6: Almejas Julianas | F6: =E254 | G6: =K254 | H6: =SUM(F161:I161)+J254 | I6: =E6+F6-G6-H6 | J6: =E161 | K6: =J6-I6 | L6: =+'MERMAS S1'!D7 | N6: =IF(K6<0,K6*L6,0)
D7: Carpaccio de res | F7: =E223 | G7: =IFERROR(SUMPRODUCT(($F$66:$F$153="Carpaccio de res")*$E$66:$E$153*$G$66:$G$153),"Error") | H7: =SUM(F162:I162) | I7: =E7+F7-G7-H7 | J7: =E162 | K7: =J7-I7 | L7: =+'MERMAS S1'!D8 | N7: =IF(K7<0,K7*L7,0)
D8: Chupe | F8: =H258 | G8: =E90 | H8: =SUM(F165:I165) | I8: =E8+F8-G8-H8 | J8: =E165 | K8: =J8-I8 | L8: =+'MERMAS S1'!D9 | N8: =IF(K8<0,K8*L8,0)
D9: Congrio | F9: =E252 | G9: =IFERROR(SUMPRODUCT(($F$66:$F$153="Congrio")*$E$66:$E$153*$G$66:$G$153),"Error") | H9: =J252+SUM(F164:I164) | I9: =E9+F9-G9-H9 | J9: =E164 | K9: =J9-I9 | L9: =+'MERMAS S1'!D10 | N9: =IF(K9<0,K9*L9,0)
D10: Filete despunte | F10: =E255 | G10: =K255+K256 | H10: =SUM(J255:J256)+SUM(F167:I167) | I10: =E10+F10-G10-H10 | J10: =E167 | K10: =J10-I10 | L10: =+'MERMAS S1'!D11 | N10: =IF(K10<0,K10*L10,0)
D11: Filete para churrasco | F11: =E226 | G11: =IFERROR(SUMPRODUCT(($F$66:$F$153="Filete para churrasco")*$E$66:$E$153*$G$66:$G$153),"Error") | H11: =SUM(F168:I168) | I11: =E11+F11-G11-H11 | J11: =E168 | K11: =J11-I11 | L11: =+'MERMAS S1'!D12 | N11: =IF(K11<0,K11*L11,0)
D12: Filete para crudo | F12: =E227 | G12: =IFERROR(SUMPRODUCT(($F$66:$F$153="Filete para crudo")*$E$66:$E$153*$G$66:$G$153),"Error") | H12: =SUM(F169:I169)+SUM(F189:I189) | I12: =E12+F12-G12-H12 | J12: =E169 +IFERROR(INDEX($E$159:$E$215,MATCH("Tartar de Res",$D$159:$D$215,0)),0) | K12: =J12-I12 | L12: =+'MERMAS S1'!D13 | N12: =IF(K12<0,K12*L12,0)
D13: Filete Salteado | F13: =E228 | G13: =IFERROR(SUMPRODUCT(($F$66:$F$153=D13)*$E$66:$E$153*$G$66:$G$153),"Error") | H13: =SUM(F170:I170) | I13: =E13+F13-G13-H13 | J13: =E170 | K13: =J13-I13 | L13: =+'MERMAS S1'!D14 | N13: =IF(K13<0,K13*L13,0)
D14: Ganso | F14: =E229 | G14: =IFERROR(SUMPRODUCT(($F$66:$F$153=D14)*$E$66:$E$153*$G$66:$G$153),"Error") | H14: =SUM(F171:I171)+SUM(F180:I180) | I14: =E14+F14-G14-H14 | J14: =E171 +IFERROR(INDEX($E$159:$E$215,MATCH("Paila de Carne",$D$159:$D$215,0)),0) | K14: =J14-I14 | L14: =+'MERMAS S1'!D15 | N14: =IF(K14<0,K14*L14,0)
D15: Hamburguesas | F15: =E231 | G15: =IFERROR(SUMPRODUCT(($F$66:$F$153=D15)*$E$66:$E$153*$G$66:$G$153),"Error") | H15: =SUM(F172:I172) | I15: =E15+F15-G15-H15 | J15: =E172 | K15: =J15-I15 | L15: =+'MERMAS S1'!D16 | N15: =IF(K15<0,K15*L15,0)
D16: Jamón serrano | F16: =E232 | G16: =IFERROR(SUMPRODUCT(($F$66:$F$153=D16)*$E$66:$E$153*$G$66:$G$153),"Error") | H16: =SUM(F174:I174) | I16: =E16+F16-G16-H16 | J16: =E174 | K16: =J16-I16 | L16: =+'MERMAS S1'!D17 | N16: =IF(K16<0,K16*L16,0)
D17: Langostinos | F17: =H248 | G17: =IFERROR(SUMPRODUCT(($F$66:$F$153=D17)*$E$66:$E$153*$G$66:$G$153),"Error") | H17: =SUM(F173:I173) | I17: =E17+F17-G17-H17 | J17: =E173 | K17: =J17-I17 | L17: =+'MERMAS S1'!D18 | N17: =IF(K17<0,K17*L17,0)
D18: Lasagna de Berenjenas | F18: =H257 | G18: =E120 | H18: =SUM(F175:I175) | I18: =E18+F18-G18-H18 | J18: =E175 | K18: =J18-I18 | L18: =+'MERMAS S1'!D19 | N18: =IF(K18<0,K18*L18,0)
D19: Locos | F19: =E249 | G19: =IFERROR(SUMPRODUCT(($F$66:$F$153=D19)*$E$66:$E$153*$G$66:$G$153),"Error") | H19: =SUM(F177:I177)+J249 | I19: =E19+F19-G19-H19 | J19: =E177 | K19: =J19-I19 | L19: =+'MERMAS S1'!D20 | N19: =IF(K19<0,K19*L19,0)
D20: Lomo liso | F20: =E233 | G20: =IFERROR(SUMPRODUCT(($F$66:$F$153=D20)*$E$66:$E$153*$G$66:$G$153),"Error") | H20: =SUM(F176:I176) | I20: =E20+F20-G20-H20 | J20: =E176 | K20: =J20-I20 | L20: =+'MERMAS S1'!D21 | N20: =IF(K20<0,K20*L20,0)
D21: Mejillones | F21: =E253 | G21: =K253 | H21: =J253+SUM(F178:I178) | I21: =E21+F21-G21-H21 | J21: =E178 | K21: =J21-I21 | L21: =+'MERMAS S1'!D22 | N21: =IF(K21<0,K21*L21,0)
D22: Merluza | F22: =E250 | G22: =IFERROR(SUMPRODUCT(($F$66:$F$153=D22)*$E$66:$E$153*$G$66:$G$153),"Error") | H22: =SUM(F179:I179)+J250 | I22: =E22+F22-G22-H22 | J22: =E179 | K22: =J22-I22 | L22: =+'MERMAS S1'!D23 | N22: =IF(K22<0,K22*L22,0)
D23: Plateada | F23: =E234 | G23: =IFERROR(SUMPRODUCT(($F$66:$F$153=D23)*$E$66:$E$153*$G$66:$G$153),"Error") | H23: =SUM(F181:I181) | I23: =E23+F23-G23-H23 | J23: =E181 | K23: =J23-I23 | L23: =+'MERMAS S1'!D24 | N23: =IF(K23<0,K23*L23,0)
D24: Pulpo | F24: =E235 | G24: =IFERROR(SUMPRODUCT(($F$66:$F$153=D24)*$E$66:$E$153*$G$66:$G$153),"Error") | H24: =SUM(F182:I182) | I24: =E24+F24-G24-H24 | J24: =E182 | K24: =J24-I24 | L24: =+'MERMAS S1'!D25 | N24: =IF(K24<0,K24*L24,0)
D25: Ragout Lasagna | F25: =H255 | G25: =E257 | H25: =SUM(F183:I183)+J257 | I25: =E25+F25-G25-H25 | J25: =E183 | K25: =J25-I25 | L25: =+'MERMAS S1'!D26 | N25: =IF(K25<0,K25*L25,0)
D26: Ragout Rigatoni | F26: =H256 | G26: =E133 | H26: =SUM(F184:I184) | I26: =E26+F26-G26-H26 | J26: =E184 | K26: =J26-I26 | L26: =+'MERMAS S1'!D27 | N26: =IF(K26<0,K26*L26,0)
D27: Reineta | F27: =E251 | G27: =IFERROR(SUMPRODUCT(($F$66:$F$153=D27)*$E$66:$E$153*$G$66:$G$153),"Error") | H27: =SUM(F163:I163)+J251 | I27: =E27+F27-G27-H27 | J27: =E163 | K27: =J27-I27 | L27: =+'MERMAS S1'!D28 | N27: =IF(K27<0,K27*L27,0)
D28: Salmón ahumado en frío | F28: =E258 | G28: =K258 | H28: =J258 | I28: =E28+F28-G28-H28 | J28: =E185 | K28: =J28-I28 | L28: =+'MERMAS S1'!D29 | N28: =IF(K28<0,K28*L28,0)
D29: Salmón ahumado en Caliente | F29: =E237 | G29: =IFERROR(SUMPRODUCT(($F$66:$F$153=D29)*$E$66:$E$153*$G$66:$G$153),"Error") | H29: =SUM(F186:I186) | I29: =E29+F29-G29-H29 | J29: =E186 | K29: =J29-I29 | L29: =+'MERMAS S1'!D30 | N29: =IF(K29<0,K29*L29,0)
D30: Salmón cancato | F30: =E238 | G30: =IFERROR(SUMPRODUCT(($F$66:$F$153=D30)*$E$66:$E$153*$G$66:$G$153),"Error") | H30: =SUM(F187:I187) | I30: =E30+F30-G30-H30 | J30: =E187 | K30: =J30-I30 | L30: =+'MERMAS S1'!D31 | N30: =IF(K30<0,K30*L30,0)
D31: Salmón fresco premium | F31: =E239 | G31: =IFERROR(SUMPRODUCT(($F$66:$F$153=D31)*$E$66:$E$153*$G$66:$G$153),"Error") | H31: =SUM(F188:I188) | I31: =E31+F31-G31-H31 | J31: =E188 | K31: =J31-I31 | L31: =+'MERMAS S1'!D32 | N31: =IF(K31<0,K31*L31,0)
I33: DIFERENCIAS PROMEDIO | K33: =SUM(K7:K31) | M33: DCTO. TOTAL | N33: =SUM(N7:N31)
F35: + | G35: (-) | H35: (-) | I35: = | J35: = | K35: = | L35: $ | N35: $
D36: PRODUCTOS | F36: Entregas | G36: Ventas | H36: Mermas | I36: Stock Real | J36: Stock Informado | K36: Diferencias | L36: Precio | N36: Descuento
D37: Brownie Nutella | F37: =E264 | G37: =IFERROR(SUMPRODUCT(($F$66:$F$153=D37)*$E$66:$E$153*$G$66:$G$153),"Error") | H37: =SUM(F194:I194) | I37: =E37+F37-G37-H37 | J37: =E194 | K37: =J37-I37 | L37: =+'MERMAS S1'!D33 | N37: =IF(K37<0,K37*L37,0)
D38: Brownie Vegano | F38: =E265 | G38: =IFERROR(SUMPRODUCT(($F$66:$F$153=D38)*$E$66:$E$153*$G$66:$G$153),"Error") | H38: =SUM(F195:I195) | I38: =E38+F38-G38-H38 | J38: =E195 | K38: =J38-I38 | L38: =+'MERMAS S1'!D34 | N38: =IF(K38<0,K38*L38,0)
D39: Cheesecake de Berries | F39: =E262 | G39: =IFERROR(SUMPRODUCT(($F$66:$F$153="Cheesecake Berries")*$E$66:$E$153*$G$66:$G$153),"Error") | H39: =SUM(F196:I196) | I39: =E39+F39-G39-H39 | J39: =E196 | K39: =J39-I39 | L39: =+'MERMAS S1'!D35 | N39: =IF(K39<0,K39*L39,0)
D40: Cheesecake de Limón | F40: =E263 | G40: =IFERROR(SUMPRODUCT(($F$66:$F$153=D40)*$E$66:$E$153*$G$66:$G$153),"Error") | H40: =SUM(F197:H197) | I40: =E40+F40-G40-H40 | J40: =E197 | K40: =J40-I40 | L40: =+'MERMAS S1'!D36 | N40: =IF(K40<0,K40*L40,0)
D41: Chocolate Blanco | F41: =H262 | G41: =J262 | H41: =SUM(F198:I198) | I41: =E41+F41-G41-H41 | J41: =E198 | K41: =J41-I41 | L41: =+'MERMAS S1'!D37 | N41: =IF(K41<0,K41*L41,0)
D42: Chocolate Leche | F42: =H263 | G42: =J263 | H42: =SUM(F199:I199) | I42: =E42+F42-G42-H42 | J42: =E199 | K42: =J42-I42 | L42: =+'MERMAS S1'!D38 | N42: =IF(K42<0,K42*L42,0)
D43: Chocolate Negro | F43: =H264 | G43: =J264 | H43: =SUM(F200:I200) | I43: =E43+F43-G43-H43 | J43: =E200 | K43: =J43-I43 | L43: =+'MERMAS S1'!D39 | N43: =IF(K43<0,K43*L43,0)
D44: Chocolate Neucober Cobertura | F44: =H265 | G44: =J265 | H44: =SUM(F201:I201) | I44: =E44+F44-G44-H44 | J44: =E201 | K44: =J44-I44 | L44: =+'MERMAS S1'!D40 | N44: =IF(K44<0,K44*L44,0)
D45: Chocolate Sicao Cobertura | F45: =H266 | G45: =J266 | H45: =SUM(F202:I202) | I45: =E45+F45-G45-H45 | J45: =E202 | K45: =J45-I45 | L45: =+'MERMAS S1'!D41 | N45: =IF(K45<0,K45*L45,0)
D46: Discos de Chocolate | F46: =E268 | G46: =E91 | H46: =SUM(F203:I203) | I46: =E46+F46-G46-H46 | J46: =E203 | K46: =J46-I46 | L46: =+'MERMAS S1'!D42 | N46: =IF(K46<0,K46*L46,0)
D47: Empanada Mechada | F47: =E225 | G47: =IFERROR(SUMPRODUCT(($F$66:$F$153=D47)*$E$66:$E$153*$G$66:$G$153),"Error") | H47: =(SUM(F204:I204)*4)+SUM(F205:I205) | I47: =E47+F47-G47-H47 | J47: =(E204*4)+E205 | K47: =J47-I47 | L47: =+'MERMAS S1'!D43 | N47: =IF(K47<0,K47*L47,0)
D48: Empanada Pulpo | F48: =H247 | G48: =IFERROR(SUMPRODUCT(($F$66:$F$153=D48)*$E$66:$E$153*$G$66:$G$153),"Error") | H48: =(SUM(F206:I206)*4)+SUM(F207:I207) | I48: =E48+F48-G48-H48 | J48: =(E206*4)+E207 | K48: =J48-I48 | L48: =+'MERMAS S1'!D44 | N48: =IF(K48<0,K48*L48,0)
D49: Flan de Caluga | F49: =E266 | G49: =IFERROR(SUMPRODUCT(($F$66:$F$153=D49)*$E$66:$E$153*$G$66:$G$153),"Error") | H49: =SUM(F208:I208) | I49: =E49+F49-G49-H49 | J49: =E208 | K49: =J49-I49 | L49: =+'MERMAS S1'!D45 | N49: =IF(K49<0,K49*L49,0)
D50: Granola salada | F50: =IF( SUMPRODUCT(--ISNUMBER(SEARCH(D50,$D$221:$D$242))) + SUMPRODUCT(--ISNUMBER(SEARCH(D50,$D$262:$D$267)))=0, "Error", SUMPRODUCT((ISNUMBER(SEARCH(D50,$D$221:$D$242)))*$E$221:$E$242) + SUMPRODUCT((ISNUMBER(SEARCH(D50,$D$262:$D$267)))*$E$262:$E$267) ) | G50: =IFERROR(SUMPRODUCT(($F$66:$F$153=D50)*$E$66:$E$153*$G$66:$G$153),"Error") | H50: =SUM(F209:I209) | I50: =E50+F50-G50-H50 | J50: =E209 | K50: =J50-I50 | L50: =+'MERMAS S1'!D46 | N50: =IF(K50<0,K50*L50,0)
D51: Mix Conchas | F51: =H253 | G51: =IFERROR(SUMPRODUCT(($F$66:$F$153=D51)*$E$66:$E$153*$G$66:$G$153),"Error") | H51: =SUM(F210:I210) | I51: =E51+F51-G51-H51 | J51: =E210 | K51: =J51-I51 | L51: =+'MERMAS S1'!D47 | N51: =IF(K51<0,K51*L51,0)
D52: Nutella | F52: =H267 | G52: =J267 | H52: =SUM(F211:I211) | I52: =E52+F52-G52-H52 | J52: =E211 | K52: =J52-I52 | L52: =+'MERMAS S1'!D48 | N52: =IF(K52<0,K52*L52,0)
D53: Queso Mozzarella | F53: =E236 | G53: =IFERROR(SUMPRODUCT(($F$66:$F$153=D53)*$E$66:$E$153*$G$66:$G$153),"Error") | H53: =SUM(F212:I212) | I53: =E53+F53-G53-H53 | J53: =E212 | K53: =J53-I53 | L53: =+'MERMAS S1'!D49 | N53: =IF(K53<0,K53*L53,0)
D54: Sorrentinos carne mechada | F54: =E240 | G54: =IFERROR(SUMPRODUCT(($F$66:$F$153=D54)*$E$66:$E$153*$G$66:$G$153),"Error") | H54: =SUM(F213:I213) | I54: =E54+F54-G54-H54 | J54: =E213 | K54: =J54-I54 | L54: =+'MERMAS S1'!D50 | N54: =IF(K54<0,K54*L54,0)
D55: Sorrentinos pulpo y salmón | F55: =E241 | G55: =IFERROR(SUMPRODUCT(($F$66:$F$153=D55)*$E$66:$E$153*$G$66:$G$153),"Error") | H55: =SUM(F214:I214) | I55: =E55+F55-G55-H55 | J55: =E214 | K55: =J55-I55 | L55: =+'MERMAS S1'!D51 | N55: =IF(K55<0,K55*L55,0)
D56: Sorrentinos zapallo | F56: =E242 | G56: =IFERROR(SUMPRODUCT(($F$66:$F$153=D56)*$E$66:$E$153*$G$66:$G$153),"Error") | H56: =SUM(F215:I215) | I56: =E56+F56-G56-H56 | J56: =E215 | K56: =J56-I56 | L56: =+'MERMAS S1'!D52 | N56: =IF(K56<0,K56*L56,0)
D57: Volcán de Chocolate | F57: =E267 | G57: =IFERROR(SUMPRODUCT(($F$66:$F$153=D57)*$E$66:$E$153*$G$66:$G$153),"Error") | H57: =SUM(F216:I216) | I57: =E57+F57-G57-H57 | J57: =E216 | K57: =J57-I57 | L57: =+'MERMAS S1'!D53 | N57: =IF(K57<0,K57*L57,0)
I59: DIFERENCIAS PROMEDIO | K59: =SUM(K37:K57) | M59: DCTO. TOTAL | N59: =SUM(N37:N57)
C64: VENTAS
C65: Código | D65: Ítem | E65: Vendido | F65: Producto | G65: Cantidad | H65: Medida
C66: VECARAGR013 | D66: Age Salmon Ahumado | E66: =IFERROR( IF( INDEX($K$272:$K$977,MATCH(C66,$B$272:$B$977,0))<>0, INDEX($K$272:$K$977,MATCH(C66,$B$272:$B$977,0)), INDEX($L$272:$L$977,MATCH(C66,$B$272:$B$977,0)) ), 0) | F66: Salmón ahumado en Caliente | G66: 0.12 | H66: Kg
C67: VECARAGR007 | D67: Agr. Jamon Crudo | E67: =IFERROR( IF( INDEX($K$272:$K$977,MATCH(C67,$B$272:$B$977,0))<>0, INDEX($K$272:$K$977,MATCH(C67,$B$272:$B$977,0)), INDEX($L$272:$L$977,MATCH(C67,$B$272:$B$977,0)) ), 0) | F67: Jamón serrano | G67: 0.03 | H67: Kg
C68: VECARENT001 | D68: Atún Apanado | E68: =IFERROR( IF( INDEX($K$272:$K$977,MATCH(C68,$B$272:$B$977,0))<>0, INDEX($K$272:$K$977,MATCH(C68,$B$272:$B$977,0)), INDEX($L$272:$L$977,MATCH(C68,$B$272:$B$977,0)) ), 0) | F68: Atún Steak | G68: 0.18 | H68: Kg
C69: VECARFJT001 | D69: Atún Sellado JT | E69: =IFERROR( IF( INDEX($K$272:$K$977,MATCH(C69,$B$272:$B$977,0))<>0, INDEX($K$272:$K$977,MATCH(C69,$B$272:$B$977,0)), INDEX($L$272:$L$977,MATCH(C69,$B$272:$B$977,0)) ), 0) | F69: Atún Steak | G69: 0.18 | H69: Kg
C70: VECARFON002 | D70: Atún Risotto | E70: =IFERROR( IF( INDEX($K$272:$K$977,MATCH(C70,$B$272:$B$977,0))<>0, INDEX($K$272:$K$977,MATCH(C70,$B$272:$B$977,0)), INDEX($L$272:$L$977,MATCH(C70,$B$272:$B$977,0)) ), 0) | F70: Atún Steak | G70: 0.18 | H70: Kg
C71: VECARFUB001 | D71: Atún Risotto PY | E71: =IFERROR( IF( INDEX($K$272:$K$977,MATCH(C71,$B$272:$B$977,0))<>0, INDEX($K$272:$K$977,MATCH(C71,$B$272:$B$977,0)), INDEX($L$272:$L$977,MATCH(C71,$B$272:$B$977,0)) ), 0) | F71: Atún Steak | G71: 0.18 | H71: Kg
C72: VECARENT034 | D72: Brocheta Langostino | E72: =IFERROR( IF( INDEX($K$272:$K$977,MATCH(C72,$B$272:$B$977,0))<>0, INDEX($K$272:$K$977,MATCH(C72,$B$272:$B$977,0)), INDEX($L$272:$L$977,MATCH(C72,$B$272:$B$977,0)) ), 0) | F72: Langostinos | G72: 1 | H72: Und
C73: VECARPOS013 | D73: Brownie Choc Vegano | E73: =IFERROR( IF( INDEX($K$272:$K$977,MATCH(C73,$B$272:$B$977,0))<>0, INDEX($K$272:$K$977,MATCH(C73,$B$272:$B$977,0)), INDEX($L$272:$L$977,MATCH(C73,$B$272:$B$977,0)) ), 0) | F73: Brownie Vegano | G73: 1 | H73: Kg
C74: VECARPOS024 | D74: Brownie Nutella | E74: =IFERROR( IF( INDEX($K$272:$K$977,MATCH(C74,$B$272:$B$977,0))<>0, INDEX($K$272:$K$977,MATCH(C74,$B$272:$B$977,0)), INDEX($L$272:$L$977,MATCH(C74,$B$272:$B$977,0)) ), 0) | F74: Brownie Nutella | G74: 1 | H74: Kg
C75: VECARPUB012 | D75: Brownie Nutella PY | E75: =IFERROR( IF( INDEX($K$272:$K$977,MATCH(C75,$B$272:$B$977,0))<>0, INDEX($K$272:$K$977,MATCH(C75,$B$272:$B$977,0)), INDEX($L$272:$L$977,MATCH(C75,$B$272:$B$977,0)) ), 0) | F75: Brownie Nutella | G75: 1 | H75: Kg
C76: VECARPJT005 | D76: Brownie Vegano JT | E76: =IFERROR( IF( INDEX($K$272:$K$977,MATCH(C76,$B$272:$B$977,0))<>0, INDEX($K$272:$K$977,MATCH(C76,$B$272:$B$977,0)), INDEX($L$272:$L$977,MATCH(C76,$B$272:$B$977,0)) ), 0) | F76: Brownie Vegano | G76: 1 | H76: Kg
C77: VECARPUB005 | D77: Brownie Vegano PY | E77: =IFERROR( IF( INDEX($K$272:$K$977,MATCH(C77,$B$272:$B$977,0))<>0, INDEX($K$272:$K$977,MATCH(C77,$B$272:$B$977,0)), INDEX($L$272:$L$977,MATCH(C77,$B$272:$B$977,0)) ), 0) | F77: Brownie Vegano | G77: 1 | H77: Kg
... C153: VECARPOS011 | D153: Volcán de Chocolate | E153: =IFERROR( IF( INDEX($K$272:$K$977,MATCH(C153,$B$272:$B$977,0))<>0, INDEX($K$272:$K$977,MATCH(C153,$B$272:$B$977,0)), INDEX($L$272:$L$977,MATCH(C153,$B$272:$B$977,0)) ), 0) | F153: Volcán de Chocolate | G153: 1 | H153: Kg
B157: GRAMAJE | C157: MEDIDA | D157: PRODUCTOS | E157: STOCK INFORMADO | F157: * MERMAS EN KILOGRAMOS
F158: PRODUCCIÓN | G158: DEFECTUOSOS | H158: CLIENTES | I158: CORTESÍA | J158: REUTILIZAR
B159: 0.18 | C159: Kg | D159: Atún apanado
B160: 0.25 | C160: Kg | D160: Atún Trozos
B161: 1 | C161: Kg | D161: Almejas Julianas
B162: 0.12 | C162: Kg | D162: Carpaccio de res
B163: 0.1 | C163: Kg | D163: Ceviche de Reineta
B164: 0.15 | C164: Kg | D164: Congrio
B165: 1 | C165: Porción | D165: Chupe de Salmón
B166: 1 | C166: Kg | D166: Despunte de pulpo
B167: 1 | C167: Kg | D167: Filete despunte
B168: 0.12 | C168: Kg | D168: Filete para churrasco
B169: 0.48 | C169: Kg | D169: Filete para crudo
B170: 0.16 | C170: Kg | D170: Filete salteado
... B190: 0.18 | C190: Kg | D190: Tártaro de atún
B192: UNIDADES | C192: MEDIDA | D192: PRODUCTOS
B194: 1 | C194: Und | D194: Brownie Nutella
B195: 4 | C195: Und | D195: Brownie Vegano
B196: 1 | C196: Und | D196: Cheesecake de Berries
B197: 1 | C197: Und | D197: Cheesecake de limón
B198: 1 | C198: Kg | D198: Chocolate Blanco
B199: 1 | C199: Kg | D199: Chocolate Leche
B200: 1 | C200: Kg | D200: Chocolate Negro
B201: 1 | C201: Kg | D201: Chocolate Neucober Cobertura
B202: 1 | C202: Kg | D202: Chocolate Sicao Cobertura
B203: 1 | C203: Und | D203: Discos de Chocolate
B204: 4 | C204: Pax | D204: Empanada mechada
B205: 1 | C205: Und | D205: Empanada mechada sueltas
... B216: 1 | C216: Und | D216: Volcán de chocolate
D219: ENTREGAS A COCINA/SALIDA DE BODEGA
...

Sheet S1 Viernes
D2: PRODUCTOS | E2: + | F2: + | G2: (-) | H2: (-) | I2: = | J2: = | K2: = | L2: $ | N2: $
E3: Stock Inicial | F3: Entregas | G3: Ventas | H3: Mermas | I3: Stock Real | J3: Stock Informado | K3: Diferencias | L3: Precio | N3: Descuento
D4: Atún Steak | F4: =E221 | G4: =IFERROR(SUMPRODUCT(($F$66:$F$153="Atún Steak")*$E$66:$E$153*$G$66:$G$153),"Error") | H4: =SUM(F159:J159) | I4: =E4+F4-G4-H4 | J4: =E159 | K4: =J4-I4 | L4: =+'MERMAS S1'!D5 | N4: =IF(K4<0,K4*L4,0)
D5: Atún Trozos | F5: =E222 | G5: =IFERROR(SUMPRODUCT(($F$66:$F$153="Atún Trozos")*$E$66:$E$153*$G$66:$G$153),"Error") | H5: =SUM(F160:I160)+SUM(F190:I190) | I5: =E5+F5-G5-H5 | J5: =E160+E190 | K5: =J5-I5 | L5: =+'MERMAS S1'!D6 | N5: =IF(K5<0,K5*L5,0)
D6: Almejas Julianas | F6: =E254 | G6: =K254 | H6: =SUM(F161:I161)+J254 | I6: =E6+F6-G6-H6 | J6: =E161 | K6: =J6-I6 | L6: =+'MERMAS S1'!D7 | N6: =IF(K6<0,K6*L6,0)
D7: Carpaccio de res | F7: =E223 | G7: =IFERROR(SUMPRODUCT(($F$66:$F$153="Carpaccio de res")*$E$66:$E$153*$G$66:$G$153),"Error") | H7: =SUM(F162:I162) | I7: =E7+F7-G7-H7 | J7: =E162 | K7: =J7-I7 | L7: =+'MERMAS S1'!D8 | N7: =IF(K7<0,K7*L7,0)
D8: Chupe | F8: =H258 | G8: =E90 | H8: =SUM(F165:I165) | I8: =E8+F8-G8-H8 | J8: =E165 | K8: =J8-I8 | L8: =+'MERMAS S1'!D9 | N8: =IF(K8<0,K8*L8,0)
D9: Congrio | F9: =E252 | G9: =IFERROR(SUMPRODUCT(($F$66:$F$153="Congrio")*$E$66:$E$153*$G$66:$G$153),"Error") | H9: =J252+SUM(F164:I164) | I9: =E9+F9-G9-H9 | J9: =E164 | K9: =J9-I9 | L9: =+'MERMAS S1'!D10 | N9: =IF(K9<0,K9*L9,0)
D10: Filete despunte | F10: =E255 | G10: =K255+K256 | H10: =SUM(J255:J256)+SUM(F167:I167) | I10: =E10+F10-G10-H10 | J10: =E167 | K10: =J10-I10 | L10: =+'MERMAS S1'!D11 | N10: =IF(K10<0,K10*L10,0)
D11: Filete para churrasco | F11: =E226 | G11: =IFERROR(SUMPRODUCT(($F$66:$F$153="Filete para churrasco")*$E$66:$E$153*$G$66:$G$153),"Error") | H11: =SUM(F168:I168) | I11: =E11+F11-G11-H11 | J11: =E168 | K11: =J11-I11 | L11: =+'MERMAS S1'!D12 | N11: =IF(K11<0,K11*L11,0)
D12: Filete para crudo | F12: =E227 | G12: =IFERROR(SUMPRODUCT(($F$66:$F$153="Filete para crudo")*$E$66:$E$153*$G$66:$G$153),"Error") | H12: =SUM(F169:I169)+SUM(F189:I189) | I12: =E12+F12-G12-H12 | J12: =E169 +IFERROR(INDEX($E$159:$E$215,MATCH("Tartar de Res",$D$159:$D$215,0)),0) | K12: =J12-I12 | L12: =+'MERMAS S1'!D13 | N12: =IF(K12<0,K12*L12,0)
D13: Filete Salteado | F13: =E228 | G13: =IFERROR(SUMPRODUCT(($F$66:$F$153=D13)*$E$66:$E$153*$G$66:$G$153),"Error") | H13: =SUM(F170:I170) | I13: =E13+F13-G13-H13 | J13: =E170 | K13: =J13-I13 | L13: =+'MERMAS S1'!D14 | N13: =IF(K13<0,K13*L13,0)
D14: Ganso | F14: =E229 | G14: =IFERROR(SUMPRODUCT(($F$66:$F$153=D14)*$E$66:$E$153*$G$66:$G$153),"Error") | H14: =SUM(F171:I171)+SUM(F180:I180) | I14: =E14+F14-G14-H14 | J14: =E171 +IFERROR(INDEX($E$159:$E$215,MATCH("Paila de Carne",$D$159:$D$215,0)),0) | K14: =J14-I14 | L14: =+'MERMAS S1'!D15 | N14: =IF(K14<0,K14*L14,0)
D15: Hamburguesas | F15: =E231 | G15: =IFERROR(SUMPRODUCT(($F$66:$F$153=D15)*$E$66:$E$153*$G$66:$G$153),"Error") | H15: =SUM(F172:I172) | I15: =E15+F15-G15-H15 | J15: =E172 | K15: =J15-I15 | L15: =+'MERMAS S1'!D16 | N15: =IF(K15<0,K15*L15,0)
D16: Jamón serrano | F16: =E232 | G16: =IFERROR(SUMPRODUCT(($F$66:$F$153=D16)*$E$66:$E$153*$G$66:$G$153),"Error") | H16: =SUM(F174:I174) | I16: =E16+F16-G16-H16 | J16: =E174 | K16: =J16-I16 | L16: =+'MERMAS S1'!D17 | N16: =IF(K16<0,K16*L16,0)
D17: Langostinos | F17: =H248 | G17: =IFERROR(SUMPRODUCT(($F$66:$F$153=D17)*$E$66:$E$153*$G$66:$G$153),"Error") | H17: =SUM(F173:I173) | I17: =E17+F17-G17-H17 | J17: =E173 | K17: =J17-I17 | L17: =+'MERMAS S1'!D18 | N17: =IF(K17<0,K17*L17,0)
D18: Lasagna de Berenjenas | F18: =H257 | G18: =E120 | H18: =SUM(F175:I175) | I18: =E18+F18-G18-H18 | J18: =E175 | K18: =J18-I18 | L18: =+'MERMAS S1'!D19 | N18: =IF(K18<0,K18*L18,0)
D19: Locos | F19: =E249 | G19: =IFERROR(SUMPRODUCT(($F$66:$F$153=D19)*$E$66:$E$153*$G$66:$G$153),"Error") | H19: =SUM(F177:I177)+J249 | I19: =E19+F19-G19-H19 | J19: =E177 | K19: =J19-I19 | L19: =+'MERMAS S1'!D20 | N19: =IF(K19<0,K19*L19,0)
D20: Lomo liso | F20: =E233 | G20: =IFERROR(SUMPRODUCT(($F$66:$F$153=D20)*$E$66:$E$153*$G$66:$G$153),"Error") | H20: =SUM(F176:I176) | I20: =E20+F20-G20-H20 | J20: =E176 | K20: =J20-I20 | L20: =+'MERMAS S1'!D21 | N20: =IF(K20<0,K20*L20,0)
D21: Mejillones | F21: =E253 | G21: =K253 | H21: =J253+SUM(F178:I178) | I21: =E21+F21-G21-H21 | J21: =E178 | K21: =J21-I21 | L21: =+'MERMAS S1'!D22 | N21: =IF(K21<0,K21*L21,0)
D22: Merluza | F22: =E250 | G22: =IFERROR(SUMPRODUCT(($F$66:$F$153=D22)*$E$66:$E$153*$G$66:$G$153),"Error") | H22: =SUM(F179:I179)+J250 | I22: =E22+F22-G22-H22 | J22: =E179 | K22: =J22-I22 | L22: =+'MERMAS S1'!D23 | N22: =IF(K22<0,K22*L22,0)
D23: Plateada | F23: =E234 | G23: =IFERROR(SUMPRODUCT(($F$66:$F$153=D23)*$E$66:$E$153*$G$66:$G$153),"Error") | H23: =SUM(F181:I181) | I23: =E23+F23-G23-H23 | J23: =E181 | K23: =J23-I23 | L23: =+'MERMAS S1'!D24 | N23: =IF(K23<0,K23*L23,0)
D24: Pulpo | F24: =E235 | G24: =IFERROR(SUMPRODUCT(($F$66:$F$153=D24)*$E$66:$E$153*$G$66:$G$153),"Error") | H24: =SUM(F182:I182) | I24: =E24+F24-G24-H24 | J24: =E182 | K24: =J24-I24 | L24: =+'MERMAS S1'!D25 | N24: =IF(K24<0,K24*L24,0)
D25: Ragout Lasagna | F25: =H255 | G25: =E257 | H25: =SUM(F183:I183)+J257 | I25: =E25+F25-G25-H25 | J25: =E183 | K25: =J25-I25 | L25: =+'MERMAS S1'!D26 | N25: =IF(K25<0,K25*L25,0)
D26: Ragout Rigatoni | F26: =H256 | G26: =E133 | H26: =SUM(F184:I184) | I26: =E26+F26-G26-H26 | J26: =E184 | K26: =J26-I26 | L26: =+'MERMAS S1'!D27 | N26: =IF(K26<0,K26*L26,0)
D27: Reineta | F27: =E251 | G27: =IFERROR(SUMPRODUCT(($F$66:$F$153=D27)*$E$66:$E$153*$G$66:$G$153),"Error") | H27: =SUM(F163:I163)+J251 | I27: =E27+F27-G27-H27 | J27: =E163 | K27: =J27-I27 | L27: =+'MERMAS S1'!D28 | N27: =IF(K27<0,K27*L27,0)
D28: Salmón ahumado en frío | F28: =E258 | G28: =K258 | H28: =J258 | I28: =E28+F28-G28-H28 | J28: =E185 | K28: =J28-I28 | L28: =+'MERMAS S1'!D29 | N28: =IF(K28<0,K28*L28,0)
D29: Salmón ahumado en Caliente | F29: =E237 | G29: =IFERROR(SUMPRODUCT(($F$66:$F$153=D29)*$E$66:$E$153*$G$66:$G$153),"Error") | H29: =SUM(F186:I186) | I29: =E29+F29-G29-H29 | J29: =E186 | K29: =J29-I29 | L29: =+'MERMAS S1'!D30 | N29: =IF(K29<0,K29*L29,0)
D30: Salmón cancato | F30: =E238 | G30: =IFERROR(SUMPRODUCT(($F$66:$F$153=D30)*$E$66:$E$153*$G$66:$G$153),"Error") | H30: =SUM(F187:I187) | I30: =E30+F30-G30-H30 | J30: =E187 | K30: =J30-I30 | L30: =+'MERMAS S1'!D31 | N30: =IF(K30<0,K30*L30,0)
D31: Salmón fresco premium | F31: =E239 | G31: =IFERROR(SUMPRODUCT(($F$66:$F$153=D31)*$E$66:$E$153*$G$66:$G$153),"Error") | H31: =SUM(F188:I188) | I31: =E31+F31-G31-H31 | J31: =E188 | K31: =J31-I31 | L31: =+'MERMAS S1'!D32 | N31: =IF(K31<0,K31*L31,0)
I33: DIFERENCIAS PROMEDIO | K33: =SUM(K7:K31) | M33: DCTO. TOTAL | N33: =SUM(N7:N31)
F35: + | G35: (-) | H35: (-) | I35: = | J35: = | K35: = | L35: $ | N35: $
D36: PRODUCTOS | F36: Entregas | G36: Ventas | H36: Mermas | I36: Stock Real | J36: Stock Informado | K36: Diferencias | L36: Precio | N36: Descuento
D37: Brownie Nutella | F37: =E264 | G37: =IFERROR(SUMPRODUCT(($F$66:$F$153=D37)*$E$66:$E$153*$G$66:$G$153),"Error") | H37: =SUM(F194:I194) | I37: =E37+F37-G37-H37 | J37: =E194 | K37: =J37-I37 | L37: =+'MERMAS S1'!D33 | N37: =IF(K37<0,K37*L37,0)
D38: Brownie Vegano | F38: =E265 | G38: =IFERROR(SUMPRODUCT(($F$66:$F$153=D38)*$E$66:$E$153*$G$66:$G$153),"Error") | H38: =SUM(F195:I195) | I38: =E38+F38-G38-H38 | J38: =E195 | K38: =J38-I38 | L38: =+'MERMAS S1'!D34 | N38: =IF(K38<0,K38*L38,0)
D39: Cheesecake de Berries | F39: =E262 | G39: =IFERROR(SUMPRODUCT(($F$66:$F$153="Cheesecake Berries")*$E$66:$E$153*$G$66:$G$153),"Error") | H39: =SUM(F196:I196) | I39: =E39+F39-G39-H39 | J39: =E196 | K39: =J39-I39 | L39: =+'MERMAS S1'!D35 | N39: =IF(K39<0,K39*L39,0)
D40: Cheesecake de Limón | F40: =E263 | G40: =IFERROR(SUMPRODUCT(($F$66:$F$153=D40)*$E$66:$E$153*$G$66:$G$153),"Error") | H40: =SUM(F197:H197) | I40: =E40+F40-G40-H40 | J40: =E197 | K40: =J40-I40 | L40: =+'MERMAS S1'!D36 | N40: =IF(K40<0,K40*L40,0)
D41: Chocolate Blanco | F41: =H262 | G41: =J262 | H41: =SUM(F198:I198) | I41: =E41+F41-G41-H41 | J41: =E198 | K41: =J41-I41 | L41: =+'MERMAS S1'!D37 | N41: =IF(K41<0,K41*L41,0)
D42: Chocolate Leche | F42: =H263 | G42: =J263 | H42: =SUM(F199:I199) | I42: =E42+F42-G42-H42 | J42: =E199 | K42: =J42-I42 | L42: =+'MERMAS S1'!D38 | N42: =IF(K42<0,K42*L42,0)
D43: Chocolate Negro | F43: =H264 | G43: =J264 | H43: =SUM(F200:I200) | I43: =E43+F43-G43-H43 | J43: =E200 | K43: =J43-I43 | L43: =+'MERMAS S1'!D39 | N43: =IF(K43<0,K43*L43,0)
D44: Chocolate Neucober Cobertura | F44: =H265 | G44: =J265 | H44: =SUM(F201:I201) | I44: =E44+F44-G44-H44 | J44: =E201 | K44: =J44-I44 | L44: =+'MERMAS S1'!D40 | N44: =IF(K44<0,K44*L44,0)
D45: Chocolate Sicao Cobertura | F45: =H266 | G45: =J266 | H45: =SUM(F202:I202) | I45: =E45+F45-G45-H45 | J45: =E202 | K45: =J45-I45 | L45: =+'MERMAS S1'!D41 | N45: =IF(K45<0,K45*L45,0)
D46: Discos de Chocolate | F46: =E268 | G46: =E91 | H46: =SUM(F203:I203) | I46: =E46+F46-G46-H46 | J46: =E203 | K46: =J46-I46 | L46: =+'MERMAS S1'!D42 | N46: =IF(K46<0,K46*L46,0)
D47: Empanada Mechada | F47: =E225 | G47: =IFERROR(SUMPRODUCT(($F$66:$F$153=D47)*$E$66:$E$153*$G$66:$G$153),"Error") | H47: =(SUM(F204:I204)*4)+SUM(F205:I205) | I47: =E47+F47-G47-H47 | J47: =(E204*4)+E205 | K47: =J47-I47 | L47: =+'MERMAS S1'!D43 | N47: =IF(K47<0,K47*L47,0)
D48: Empanada Pulpo | F48: =H247 | G48: =IFERROR(SUMPRODUCT(($F$66:$F$153=D48)*$E$66:$E$153*$G$66:$G$153),"Error") | H48: =(SUM(F206:I206)*4)+SUM(F207:I207) | I48: =E48+F48-G48-H48 | J48: =(E206*4)+E207 | K48: =J48-I48 | L48: =+'MERMAS S1'!D44 | N48: =IF(K48<0,K48*L48,0)
D49: Flan de Caluga | F49: =E266 | G49: =IFERROR(SUMPRODUCT(($F$66:$F$153=D49)*$E$66:$E$153*$G$66:$G$153),"Error") | H49: =SUM(F208:I208) | I49: =E49+F49-G49-H49 | J49: =E208 | K49: =J49-I49 | L49: =+'MERMAS S1'!D45 | N49: =IF(K49<0,K49*L49,0)
D50: Granola salada | F50: =IF( SUMPRODUCT(--ISNUMBER(SEARCH(D50,$D$221:$D$242))) + SUMPRODUCT(--ISNUMBER(SEARCH(D50,$D$262:$D$267)))=0, "Error", SUMPRODUCT((ISNUMBER(SEARCH(D50,$D$221:$D$242)))*$E$221:$E$242) + SUMPRODUCT((ISNUMBER(SEARCH(D50,$D$262:$D$267)))*$E$262:$E$267) ) | G50: =IFERROR(SUMPRODUCT(($F$66:$F$153=D50)*$E$66:$E$153*$G$66:$G$153),"Error") | H50: =SUM(F209:I209) | I50: =E50+F50-G50-H50 | J50: =E209 | K50: =J50-I50 | L50: =+'MERMAS S1'!D46 | N50: =IF(K50<0,K50*L50,0)
D51: Mix Conchas | F51: =H253 | G51: =IFERROR(SUMPRODUCT(($F$66:$F$153=D51)*$E$66:$E$153*$G$66:$G$153),"Error") | H51: =SUM(F210:I210) | I51: =E51+F51-G51-H51 | J51: =E210 | K51: =J51-I51 | L51: =+'MERMAS S1'!D47 | N51: =IF(K51<0,K51*L51,0)
D52: Nutella | F52: =H267 | G52: =J267 | H52: =SUM(F211:I211) | I52: =E52+F52-G52-H52 | J52: =E211 | K52: =J52-I52 | L52: =+'MERMAS S1'!D48 | N52: =IF(K52<0,K52*L52,0)
D53: Queso Mozzarella | F53: =E236 | G53: =IFERROR(SUMPRODUCT(($F$66:$F$153=D53)*$E$66:$E$153*$G$66:$G$153),"Error") | H53: =SUM(F212:I212) | I53: =E53+F53-G53-H53 | J53: =E212 | K53: =J53-I53 | L53: =+'MERMAS S1'!D49 | N53: =IF(K53<0,K53*L53,0)
D54: Sorrentinos carne mechada | F54: =E240 | G54: =IFERROR(SUMPRODUCT(($F$66:$F$153=D54)*$E$66:$E$153*$G$66:$G$153),"Error") | H54: =SUM(F213:I213) | I54: =E54+F54-G54-H54 | J54: =E213 | K54: =J54-I54 | L54: =+'MERMAS S1'!D50 | N54: =IF(K54<0,K54*L54,0)
D55: Sorrentinos pulpo y salmón | F55: =E241 | G55: =IFERROR(SUMPRODUCT(($F$66:$F$153=D55)*$E$66:$E$153*$G$66:$G$153),"Error") | H55: =SUM(F214:I214) | I55: =E55+F55-G55-H55 | J55: =E214 | K55: =J55-I55 | L55: =+'MERMAS S1'!D51 | N55: =IF(K55<0,K55*L55,0)
D56: Sorrentinos zapallo | F56: =E242 | G56: =IFERROR(SUMPRODUCT(($F$66:$F$153=D56)*$E$66:$E$153*$G$66:$G$153),"Error") | H56: =SUM(F215:I215) | I56: =E56+F56-G56-H56 | J56: =E215 | K56: =J56-I56 | L56: =+'MERMAS S1'!D52 | N56: =IF(K56<0,K56*L56,0)
D57: Volcán de Chocolate | F57: =E267 | G57: =IFERROR(SUMPRODUCT(($F$66:$F$153=D57)*$E$66:$E$153*$G$66:$G$153),"Error") | H57: =SUM(F216:I216) | I57: =E57+F57-G57-H57 | J57: =E216 | K57: =J57-I57 | L57: =+'MERMAS S1'!D53 | N57: =IF(K57<0,K57*L57,0)
I59: DIFERENCIAS PROMEDIO | K59: =SUM(K37:K57) | M59: DCTO. TOTAL | N59: =SUM(N37:N57)
C64: VENTAS
C65: Código | D65: Ítem | E65: Vendido | F65: Producto | G65: Cantidad | H65: Medida
C66: VECARAGR013 | D66: Age Salmon Ahumado | E66: =IFERROR( IF( INDEX($K$272:$K$977,MATCH(C66,$B$272:$B$977,0))<>0, INDEX($K$272:$K$977,MATCH(C66,$B$272:$B$977,0)), INDEX($L$272:$L$977,MATCH(C66,$B$272:$B$977,0)) ), 0) | F66: Salmón ahumado en Caliente | G66: 0.12 | H66: Kg
C67: VECARAGR007 | D67: Agr. Jamon Crudo | E67: =IFERROR( IF( INDEX($K$272:$K$977,MATCH(C67,$B$272:$B$977,0))<>0, INDEX($K$272:$K$977,MATCH(C67,$B$272:$B$977,0)), INDEX($L$272:$L$977,MATCH(C67,$B$272:$B$977,0)) ), 0) | F67: Jamón serrano | G67: 0.03 | H67: Kg
C68: VECARENT001 | D68: Atún Apanado | E68: =IFERROR( IF( INDEX($K$272:$K$977,MATCH(C68,$B$272:$B$977,0))<>0, INDEX($K$272:$K$977,MATCH(C68,$B$272:$B$977,0)), INDEX($L$272:$L$977,MATCH(C68,$B$272:$B$977,0)) ), 0) | F68: Atún Steak | G68: 0.18 | H68: Kg
C69: VECARFJT001 | D69: Atún Sellado JT | E69: =IFERROR( IF( INDEX($K$272:$K$977,MATCH(C69,$B$272:$B$977,0))<>0, INDEX($K$272:$K$977,MATCH(C69,$B$272:$B$977,0)), INDEX($L$272:$L$977,MATCH(C69,$B$272:$B$977,0)) ), 0) | F69: Atún Steak | G69: 0.18 | H69: Kg
C70: VECARFON002 | D70: Atún Risotto | E70: =IFERROR( IF( INDEX($K$272:$K$977,MATCH(C70,$B$272:$B$977,0))<>0, INDEX($K$272:$K$977,MATCH(C70,$B$272:$B$977,0)), INDEX($L$272:$L$977,MATCH(C70,$B$272:$B$977,0)) ), 0) | F70: Atún Steak | G70: 0.18 | H70: Kg
C71: VECARFUB001 | D71: Atún Risotto PY | E71: =IFERROR( IF( INDEX($K$272:$K$977,MATCH(C71,$B$272:$B$977,0))<>0, INDEX($K$272:$K$977,MATCH(C71,$B$272:$B$977,0)), INDEX($L$272:$L$977,MATCH(C71,$B$272:$B$977,0)) ), 0) | F71: Atún Steak | G71: 0.18 | H71: Kg
C72: VECARENT034 | D72: Brocheta Langostino | E72: =IFERROR( IF( INDEX($K$272:$K$977,MATCH(C72,$B$272:$B$977,0))<>0, INDEX($K$272:$K$977,MATCH(C72,$B$272:$B$977,0)), INDEX($L$272:$L$977,MATCH(C72,$B$272:$B$977,0)) ), 0) | F72: Langostinos | G72: 1 | H72: Und
C73: VECARPOS013 | D73: Brownie Choc Vegano | E73: =IFERROR( IF( INDEX($K$272:$K$977,MATCH(C73,$B$272:$B$977,0))<>0, INDEX($K$272:$K$977,MATCH(C73,$B$272:$B$977,0)), INDEX($L$272:$L$977,MATCH(C73,$B$272:$B$977,0)) ), 0) | F73: Brownie Vegano | G73: 1 | H73: Kg
C74: VECARPOS024 | D74: Brownie Nutella | E74: =IFERROR( IF( INDEX($K$272:$K$977,MATCH(C74,$B$272:$B$977,0))<>0, INDEX($K$272:$K$977,MATCH(C74,$B$272:$B$977,0)), INDEX($L$272:$L$977,MATCH(C74,$B$272:$B$977,0)) ), 0) | F74: Brownie Nutella | G74: 1 | H74: Kg
C75: VECARPUB012 | D75: Brownie Nutella PY | E75: =IFERROR( IF( INDEX($K$272:$K$977,MATCH(C75,$B$272:$B$977,0))<>0, INDEX($K$272:$K$977,MATCH(C75,$B$272:$B$977,0)), INDEX($L$272:$L$977,MATCH(C75,$B$272:$B$977,0)) ), 0) | F75: Brownie Nutella | G75: 1 | H75: Kg
C76: VECARPJT005 | D76: Brownie Vegano JT | E76: =IFERROR( IF( INDEX($K$272:$K$977,MATCH(C76,$B$272:$B$977,0))<>0, INDEX($K$272:$K$977,MATCH(C76,$B$272:$B$977,0)), INDEX($L$272:$L$977,MATCH(C76,$B$272:$B$977,0)) ), 0) | F76: Brownie Vegano | G76: 1 | H76: Kg
C77: VECARPUB005 | D77: Brownie Vegano PY | E77: =IFERROR( IF( INDEX($K$272:$K$977,MATCH(C77,$B$272:$B$977,0))<>0, INDEX($K$272:$K$977,MATCH(C77,$B$272:$B$977,0)), INDEX($L$272:$L$977,MATCH(C77,$B$272:$B$977,0)) ), 0) | F77: Brownie Vegano | G77: 1 | H77: Kg
... C153: VECARPOS011 | D153: Volcán de Chocolate | E153: =IFERROR( IF( INDEX($K$272:$K$977,MATCH(C153,$B$272:$B$977,0))<>0, INDEX($K$272:$K$977,MATCH(C153,$B$272:$B$977,0)), INDEX($L$272:$L$977,MATCH(C153,$B$272:$B$977,0)) ), 0) | F153: Volcán de Chocolate | G153: 1 | H153: Kg
B157: GRAMAJE | C157: MEDIDA | D157: PRODUCTOS | E157: STOCK INFORMADO | F157: * MERMAS EN KILOGRAMOS
F158: PRODUCCIÓN | G158: DEFECTUOSOS | H158: CLIENTES | I158: CORTESÍA | J158: REUTILIZAR
B159: 0.18 | C159: Kg | D159: Atún apanado
B160: 0.25 | C160: Kg | D160: Atún Trozos
B161: 1 | C161: Kg | D161: Almejas Julianas
B162: 0.12 | C162: Kg | D162: Carpaccio de res
B163: 0.1 | C163: Kg | D163: Ceviche de Reineta
B164: 0.15 | C164: Kg | D164: Congrio
B165: 1 | C165: Porción | D165: Chupe de Salmón
B166: 1 | C166: Kg | D166: Despunte de pulpo
B167: 1 | C167: Kg | D167: Filete despunte
B168: 0.12 | C168: Kg | D168: Filete para churrasco
B169: 0.48 | C169: Kg | D169: Filete para crudo
B170: 0.16 | C170: Kg | D170: Filete salteado
... B190: 0.18 | C190: Kg | D190: Tártaro de atún
B192: UNIDADES | C192: MEDIDA | D192: PRODUCTOS
B194: 1 | C194: Und | D194: Brownie Nutella
B195: 4 | C195: Und | D195: Brownie Vegano
B196: 1 | C196: Und | D196: Cheesecake de Berries
B197: 1 | C197: Und | D197: Cheesecake de limón
B198: 1 | C198: Kg | D198: Chocolate Blanco
B199: 1 | C199: Kg | D199: Chocolate Leche
B200: 1 | C200: Kg | D200: Chocolate Negro
B201: 1 | C201: Kg | D201: Chocolate Neucober Cobertura
B202: 1 | C202: Kg | D202: Chocolate Sicao Cobertura
B203: 1 | C203: Und | D203: Discos de Chocolate
B204: 4 | C204: Pax | D204: Empanada mechada
B205: 1 | C205: Und | D205: Empanada mechada sueltas
... B216: 1 | C216: Und | D216: Volcán de chocolate
D219: ENTREGAS A COCINA/SALIDA DE BODEGA
...

Sheet S1 Sábado
D2: PRODUCTOS | E2: + | F2: + | G2: (-) | H2: (-) | I2: = | J2: = | K2: = | L2: $ | N2: $
E3: Stock Inicial | F3: Entregas | G3: Ventas | H3: Mermas | I3: Stock Real | J3: Stock Informado | K3: Diferencias | L3: Precio | N3: Descuento
D4: Atún Steak | F4: =E221 | G4: =IFERROR(SUMPRODUCT(($F$66:$F$153="Atún Steak")*$E$66:$E$153*$G$66:$G$153),"Error") | H4: =SUM(F159:J159) | I4: =E4+F4-G4-H4 | J4: =E159 | K4: =J4-I4 | L4: =+'MERMAS S1'!D5 | N4: =IF(K4<0,K4*L4,0)
D5: Atún Trozos | F5: =E222 | G5: =IFERROR(SUMPRODUCT(($F$66:$F$153="Atún Trozos")*$E$66:$E$153*$G$66:$G$153),"Error") | H5: =SUM(F160:I160)+SUM(F190:I190) | I5: =E5+F5-G5-H5 | J5: =E160+E190 | K5: =J5-I5 | L5: =+'MERMAS S1'!D6 | N5: =IF(K5<0,K5*L5,0)
D6: Almejas Julianas | F6: =E254 | G6: =K254 | H6: =SUM(F161:I161)+J254 | I6: =E6+F6-G6-H6 | J6: =E161 | K6: =J6-I6 | L6: =+'MERMAS S1'!D7 | N6: =IF(K6<0,K6*L6,0)
D7: Carpaccio de res | F7: =E223 | G7: =IFERROR(SUMPRODUCT(($F$66:$F$153="Carpaccio de res")*$E$66:$E$153*$G$66:$G$153),"Error") | H7: =SUM(F162:I162) | I7: =E7+F7-G7-H7 | J7: =E162 | K7: =J7-I7 | L7: =+'MERMAS S1'!D8 | N7: =IF(K7<0,K7*L7,0)
D8: Chupe | F8: =H258 | G8: =E90 | H8: =SUM(F165:I165) | I8: =E8+F8-G8-H8 | J8: =E165 | K8: =J8-I8 | L8: =+'MERMAS S1'!D9 | N8: =IF(K8<0,K8*L8,0)
D9: Congrio | F9: =E252 | G9: =IFERROR(SUMPRODUCT(($F$66:$F$153="Congrio")*$E$66:$E$153*$G$66:$G$153),"Error") | H9: =J252+SUM(F164:I164) | I9: =E9+F9-G9-H9 | J9: =E164 | K9: =J9-I9 | L9: =+'MERMAS S1'!D10 | N9: =IF(K9<0,K9*L9,0)
D10: Filete despunte | F10: =E255 | G10: =K255+K256 | H10: =SUM(J255:J256)+SUM(F167:I167) | I10: =E10+F10-G10-H10 | J10: =E167 | K10: =J10-I10 | L10: =+'MERMAS S1'!D11 | N10: =IF(K10<0,K10*L10,0)
D11: Filete para churrasco | F11: =E226 | G11: =IFERROR(SUMPRODUCT(($F$66:$F$153="Filete para churrasco")*$E$66:$E$153*$G$66:$G$153),"Error") | H11: =SUM(F168:I168) | I11: =E11+F11-G11-H11 | J11: =E168 | K11: =J11-I11 | L11: =+'MERMAS S1'!D12 | N11: =IF(K11<0,K11*L11,0)
D12: Filete para crudo | F12: =E227 | G12: =IFERROR(SUMPRODUCT(($F$66:$F$153="Filete para crudo")*$E$66:$E$153*$G$66:$G$153),"Error") | H12: =SUM(F169:I169)+SUM(F189:I189) | I12: =E12+F12-G12-H12 | J12: =E169 +IFERROR(INDEX($E$159:$E$215,MATCH("Tartar de Res",$D$159:$D$215,0)),0) | K12: =J12-I12 | L12: =+'MERMAS S1'!D13 | N12: =IF(K12<0,K12*L12,0)
D13: Filete Salteado | F13: =E228 | G13: =IFERROR(SUMPRODUCT(($F$66:$F$153=D13)*$E$66:$E$153*$G$66:$G$153),"Error") | H13: =SUM(F170:I170) | I13: =E13+F13-G13-H13 | J13: =E170 | K13: =J13-I13 | L13: =+'MERMAS S1'!D14 | N13: =IF(K13<0,K13*L13,0)
D14: Ganso | F14: =E229 | G14: =IFERROR(SUMPRODUCT(($F$66:$F$153=D14)*$E$66:$E$153*$G$66:$G$153),"Error") | H14: =SUM(F171:I171)+SUM(F180:I180) | I14: =E14+F14-G14-H14 | J14: =E171 +IFERROR(INDEX($E$159:$E$215,MATCH("Paila de Carne",$D$159:$D$215,0)),0) | K14: =J14-I14 | L14: =+'MERMAS S1'!D15 | N14: =IF(K14<0,K14*L14,0)
D15: Hamburguesas | F15: =E231 | G15: =IFERROR(SUMPRODUCT(($F$66:$F$153=D15)*$E$66:$E$153*$G$66:$G$153),"Error") | H15: =SUM(F172:I172) | I15: =E15+F15-G15-H15 | J15: =E172 | K15: =J15-I15 | L15: =+'MERMAS S1'!D16 | N15: =IF(K15<0,K15*L15,0)
D16: Jamón serrano | F16: =E232 | G16: =IFERROR(SUMPRODUCT(($F$66:$F$153=D16)*$E$66:$E$153*$G$66:$G$153),"Error") | H16: =SUM(F174:I174) | I16: =E16+F16-G16-H16 | J16: =E174 | K16: =J16-I16 | L16: =+'MERMAS S1'!D17 | N16: =IF(K16<0,K16*L16,0)
D17: Langostinos | F17: =H248 | G17: =IFERROR(SUMPRODUCT(($F$66:$F$153=D17)*$E$66:$E$153*$G$66:$G$153),"Error") | H17: =SUM(F173:I173) | I17: =E17+F17-G17-H17 | J17: =E173 | K17: =J17-I17 | L17: =+'MERMAS S1'!D18 | N17: =IF(K17<0,K17*L17,0)
D18: Lasagna de Berenjenas | F18: =H257 | G18: =E120 | H18: =SUM(F175:I175) | I18: =E18+F18-G18-H18 | J18: =E175 | K18: =J18-I18 | L18: =+'MERMAS S1'!D19 | N18: =IF(K18<0,K18*L18,0)
D19: Locos | F19: =E249 | G19: =IFERROR(SUMPRODUCT(($F$66:$F$153=D19)*$E$66:$E$153*$G$66:$G$153),"Error") | H19: =SUM(F177:I177)+J249 | I19: =E19+F19-G19-H19 | J19: =E177 | K19: =J19-I19 | L19: =+'MERMAS S1'!D20 | N19: =IF(K19<0,K19*L19,0)
D20: Lomo liso | F20: =E233 | G20: =IFERROR(SUMPRODUCT(($F$66:$F$153=D20)*$E$66:$E$153*$G$66:$G$153),"Error") | H20: =SUM(F176:I176) | I20: =E20+F20-G20-H20 | J20: =E176 | K20: =J20-I20 | L20: =+'MERMAS S1'!D21 | N20: =IF(K20<0,K20*L20,0)
D21: Mejillones | F21: =E253 | G21: =K253 | H21: =J253+SUM(F178:I178) | I21: =E21+F21-G21-H21 | J21: =E178 | K21: =J21-I21 | L21: =+'MERMAS S1'!D22 | N21: =IF(K21<0,K21*L21,0)
D22: Merluza | F22: =E250 | G22: =IFERROR(SUMPRODUCT(($F$66:$F$153=D22)*$E$66:$E$153*$G$66:$G$153),"Error") | H22: =SUM(F179:I179)+J250 | I22: =E22+F22-G22-H22 | J22: =E179 | K22: =J22-I22 | L22: =+'MERMAS S1'!D23 | N22: =IF(K22<0,K22*L22,0)
D23: Plateada | F23: =E234 | G23: =IFERROR(SUMPRODUCT(($F$66:$F$153=D23)*$E$66:$E$153*$G$66:$G$153),"Error") | H23: =SUM(F181:I181) | I23: =E23+F23-G23-H23 | J23: =E181 | K23: =J23-I23 | L23: =+'MERMAS S1'!D24 | N23: =IF(K23<0,K23*L23,0)
D24: Pulpo | F24: =E235 | G24: =IFERROR(SUMPRODUCT(($F$66:$F$153=D24)*$E$66:$E$153*$G$66:$G$153),"Error") | H24: =SUM(F182:I182) | I24: =E24+F24-G24-H24 | J24: =E182 | K24: =J24-I24 | L24: =+'MERMAS S1'!D25 | N24: =IF(K24<0,K24*L24,0)
D25: Ragout Lasagna | F25: =H255 | G25: =E257 | H25: =SUM(F183:I183)+J257 | I25: =E25+F25-G25-H25 | J25: =E183 | K25: =J25-I25 | L25: =+'MERMAS S1'!D26 | N25: =IF(K25<0,K25*L25,0)
D26: Ragout Rigatoni | F26: =H256 | G26: =E133 | H26: =SUM(F184:I184) | I26: =E26+F26-G26-H26 | J26: =E184 | K26: =J26-I26 | L26: =+'MERMAS S1'!D27 | N26: =IF(K26<0,K26*L26,0)
D27: Reineta | F27: =E251 | G27: =IFERROR(SUMPRODUCT(($F$66:$F$153=D27)*$E$66:$E$153*$G$66:$G$153),"Error") | H27: =SUM(F163:I163)+J251 | I27: =E27+F27-G27-H27 | J27: =E163 | K27: =J27-I27 | L27: =+'MERMAS S1'!D28 | N27: =IF(K27<0,K27*L27,0)
D28: Salmón ahumado en frío | F28: =E258 | G28: =K258 | H28: =J258 | I28: =E28+F28-G28-H28 | J28: =E185 | K28: =J28-I28 | L28: =+'MERMAS S1'!D29 | N28: =IF(K28<0,K28*L28,0)
D29: Salmón ahumado en Caliente | F29: =E237 | G29: =IFERROR(SUMPRODUCT(($F$66:$F$153=D29)*$E$66:$E$153*$G$66:$G$153),"Error") | H29: =SUM(F186:I186) | I29: =E29+F29-G29-H29 | J29: =E186 | K29: =J29-I29 | L29: =+'MERMAS S1'!D30 | N29: =IF(K29<0,K29*L29,0)
D30: Salmón cancato | F30: =E238 | G30: =IFERROR(SUMPRODUCT(($F$66:$F$153=D30)*$E$66:$E$153*$G$66:$G$153),"Error") | H30: =SUM(F187:I187) | I30: =E30+F30-G30-H30 | J30: =E187 | K30: =J30-I30 | L30: =+'MERMAS S1'!D31 | N30: =IF(K30<0,K30*L30,0)
D31: Salmón fresco premium | F31: =E239 | G31: =IFERROR(SUMPRODUCT(($F$66:$F$153=D31)*$E$66:$E$153*$G$66:$G$153),"Error") | H31: =SUM(F188:I188) | I31: =E31+F31-G31-H31 | J31: =E188 | K31: =J31-I31 | L31: =+'MERMAS S1'!D32 | N31: =IF(K31<0,K31*L31,0)
I33: DIFERENCIAS PROMEDIO | K33: =SUM(K7:K31) | M33: DCTO. TOTAL | N33: =SUM(N7:N31)
F35: + | G35: (-) | H35: (-) | I35: = | J35: = | K35: = | L35: $ | N35: $
D36: PRODUCTOS | F36: Entregas | G36: Ventas | H36: Mermas | I36: Stock Real | J36: Stock Informado | K36: Diferencias | L36: Precio | N36: Descuento
D37: Brownie Nutella | F37: =E264 | G37: =IFERROR(SUMPRODUCT(($F$66:$F$153=D37)*$E$66:$E$153*$G$66:$G$153),"Error") | H37: =SUM(F194:I194) | I37: =E37+F37-G37-H37 | J37: =E194 | K37: =J37-I37 | L37: =+'MERMAS S1'!D33 | N37: =IF(K37<0,K37*L37,0)
D38: Brownie Vegano | F38: =E265 | G38: =IFERROR(SUMPRODUCT(($F$66:$F$153=D38)*$E$66:$E$153*$G$66:$G$153),"Error") | H38: =SUM(F195:I195) | I38: =E38+F38-G38-H38 | J38: =E195 | K38: =J38-I38 | L38: =+'MERMAS S1'!D34 | N38: =IF(K38<0,K38*L38,0)
D39: Cheesecake de Berries | F39: =E262 | G39: =IFERROR(SUMPRODUCT(($F$66:$F$153="Cheesecake Berries")*$E$66:$E$153*$G$66:$G$153),"Error") | H39: =SUM(F196:I196) | I39: =E39+F39-G39-H39 | J39: =E196 | K39: =J39-I39 | L39: =+'MERMAS S1'!D35 | N39: =IF(K39<0,K39*L39,0)
D40: Cheesecake de Limón | F40: =E263 | G40: =IFERROR(SUMPRODUCT(($F$66:$F$153=D40)*$E$66:$E$153*$G$66:$G$153),"Error") | H40: =SUM(F197:H197) | I40: =E40+F40-G40-H40 | J40: =E197 | K40: =J40-I40 | L40: =+'MERMAS S1'!D36 | N40: =IF(K40<0,K40*L40,0)
D41: Chocolate Blanco | F41: =H262 | G41: =J262 | H41: =SUM(F198:I198) | I41: =E41+F41-G41-H41 | J41: =E198 | K41: =J41-I41 | L41: =+'MERMAS S1'!D37 | N41: =IF(K41<0,K41*L41,0)
D42: Chocolate Leche | F42: =H263 | G42: =J263 | H42: =SUM(F199:I199) | I42: =E42+F42-G42-H42 | J42: =E199 | K42: =J42-I42 | L42: =+'MERMAS S1'!D38 | N42: =IF(K42<0,K42*L42,0)
D43: Chocolate Negro | F43: =H264 | G43: =J264 | H43: =SUM(F200:I200) | I43: =E43+F43-G43-H43 | J43: =E200 | K43: =J43-I43 | L43: =+'MERMAS S1'!D39 | N43: =IF(K43<0,K43*L43,0)
D44: Chocolate Neucober Cobertura | F44: =H265 | G44: =J265 | H44: =SUM(F201:I201) | I44: =E44+F44-G44-H44 | J44: =E201 | K44: =J44-I44 | L44: =+'MERMAS S1'!D40 | N44: =IF(K44<0,K44*L44,0)
D45: Chocolate Sicao Cobertura | F45: =H266 | G45: =J266 | H45: =SUM(F202:I202) | I45: =E45+F45-G45-H45 | J45: =E202 | K45: =J45-I45 | L45: =+'MERMAS S1'!D41 | N45: =IF(K45<0,K45*L45,0)
D46: Discos de Chocolate | F46: =E268 | G46: =E91 | H46: =SUM(F203:I203) | I46: =E46+F46-G46-H46 | J46: =E203 | K46: =J46-I46 | L46: =+'MERMAS S1'!D42 | N46: =IF(K46<0,K46*L46,0)
D47: Empanada Mechada | F47: =E225 | G47: =IFERROR(SUMPRODUCT(($F$66:$F$153=D47)*$E$66:$E$153*$G$66:$G$153),"Error") | H47: =(SUM(F204:I204)*4)+SUM(F205:I205) | I47: =E47+F47-G47-H47 | J47: =(E204*4)+E205 | K47: =J47-I47 | L47: =+'MERMAS S1'!D43 | N47: =IF(K47<0,K47*L47,0)
D48: Empanada Pulpo | F48: =H247 | G48: =IFERROR(SUMPRODUCT(($F$66:$F$153=D48)*$E$66:$E$153*$G$66:$G$153),"Error") | H48: =(SUM(F206:I206)*4)+SUM(F207:I207) | I48: =E48+F48-G48-H48 | J48: =(E206*4)+E207 | K48: =J48-I48 | L48: =+'MERMAS S1'!D44 | N48: =IF(K48<0,K48*L48,0)
D49: Flan de Caluga | F49: =E266 | G49: =IFERROR(SUMPRODUCT(($F$66:$F$153=D49)*$E$66:$E$153*$G$66:$G$153),"Error") | H49: =SUM(F208:I208) | I49: =E49+F49-G49-H49 | J49: =E208 | K49: =J49-I49 | L49: =+'MERMAS S1'!D45 | N49: =IF(K49<0,K49*L49,0)
D50: Granola salada | F50: =IF( SUMPRODUCT(--ISNUMBER(SEARCH(D50,$D$221:$D$242))) + SUMPRODUCT(--ISNUMBER(SEARCH(D50,$D$262:$D$267)))=0, "Error", SUMPRODUCT((ISNUMBER(SEARCH(D50,$D$221:$D$242)))*$E$221:$E$242) + SUMPRODUCT((ISNUMBER(SEARCH(D50,$D$262:$D$267)))*$E$262:$E$267) ) | G50: =IFERROR(SUMPRODUCT(($F$66:$F$153=D50)*$E$66:$E$153*$G$66:$G$153),"Error") | H50: =SUM(F209:I209) | I50: =E50+F50-G50-H50 | J50: =E209 | K50: =J50-I50 | L50: =+'MERMAS S1'!D46 | N50: =IF(K50<0,K50*L50,0)
D51: Mix Conchas | F51: =H253 | G51: =IFERROR(SUMPRODUCT(($F$66:$F$153=D51)*$E$66:$E$153*$G$66:$G$153),"Error") | H51: =SUM(F210:I210) | I51: =E51+F51-G51-H51 | J51: =E210 | K51: =J51-I51 | L51: =+'MERMAS S1'!D47 | N51: =IF(K51<0,K51*L51,0)
D52: Nutella | F52: =H267 | G52: =J267 | H52: =SUM(F211:I211) | I52: =E52+F52-G52-H52 | J52: =E211 | K52: =J52-I52 | L52: =+'MERMAS S1'!D48 | N52: =IF(K52<0,K52*L52,0)
D53: Queso Mozzarella | F53: =E236 | G53: =IFERROR(SUMPRODUCT(($F$66:$F$153=D53)*$E$66:$E$153*$G$66:$G$153),"Error") | H53: =SUM(F212:I212) | I53: =E53+F53-G53-H53 | J53: =E212 | K53: =J53-I53 | L53: =+'MERMAS S1'!D49 | N53: =IF(K53<0,K53*L53,0)
D54: Sorrentinos carne mechada | F54: =E240 | G54: =IFERROR(SUMPRODUCT(($F$66:$F$153=D54)*$E$66:$E$153*$G$66:$G$153),"Error") | H54: =SUM(F213:I213) | I54: =E54+F54-G54-H54 | J54: =E213 | K54: =J54-I54 | L54: =+'MERMAS S1'!D50 | N54: =IF(K54<0,K54*L54,0)
D55: Sorrentinos pulpo y salmón | F55: =E241 | G55: =IFERROR(SUMPRODUCT(($F$66:$F$153=D55)*$E$66:$E$153*$G$66:$G$153),"Error") | H55: =SUM(F214:I214) | I55: =E55+F55-G55-H55 | J55: =E214 | K55: =J55-I55 | L55: =+'MERMAS S1'!D51 | N55: =IF(K55<0,K55*L55,0)
D56: Sorrentinos zapallo | F56: =E242 | G56: =IFERROR(SUMPRODUCT(($F$66:$F$153=D56)*$E$66:$E$153*$G$66:$G$153),"Error") | H56: =SUM(F215:I215) | I56: =E56+F56-G56-H56 | J56: =E215 | K56: =J56-I56 | L56: =+'MERMAS S1'!D52 | N56: =IF(K56<0,K56*L56,0)
D57: Volcán de Chocolate | F57: =E267 | G57: =IFERROR(SUMPRODUCT(($F$66:$F$153=D57)*$E$66:$E$153*$G$66:$G$153),"Error") | H57: =SUM(F216:I216) | I57: =E57+F57-G57-H57 | J57: =E216 | K57: =J57-I57 | L57: =+'MERMAS S1'!D53 | N57: =IF(K57<0,K57*L57,0)
I59: DIFERENCIAS PROMEDIO | K59: =SUM(K37:K57) | M59: DCTO. TOTAL | N59: =SUM(N37:N57)
C64: VENTAS
C65: Código | D65: Ítem | E65: Vendido | F65: Producto | G65: Cantidad | H65: Medida
C66: VECARAGR013 | D66: Age Salmon Ahumado | E66: =IFERROR( IF( INDEX($K$272:$K$977,MATCH(C66,$B$272:$B$977,0))<>0, INDEX($K$272:$K$977,MATCH(C66,$B$272:$B$977,0)), INDEX($L$272:$L$977,MATCH(C66,$B$272:$B$977,0)) ), 0) | F66: Salmón ahumado en Caliente | G66: 0.12 | H66: Kg
C67: VECARAGR007 | D67: Agr. Jamon Crudo | E67: =IFERROR( IF( INDEX($K$272:$K$977,MATCH(C67,$B$272:$B$977,0))<>0, INDEX($K$272:$K$977,MATCH(C67,$B$272:$B$977,0)), INDEX($L$272:$L$977,MATCH(C67,$B$272:$B$977,0)) ), 0) | F67: Jamón serrano | G67: 0.03 | H67: Kg
C68: VECARENT001 | D68: Atún Apanado | E68: =IFERROR( IF( INDEX($K$272:$K$977,MATCH(C68,$B$272:$B$977,0))<>0, INDEX($K$272:$K$977,MATCH(C68,$B$272:$B$977,0)), INDEX($L$272:$L$977,MATCH(C68,$B$272:$B$977,0)) ), 0) | F68: Atún Steak | G68: 0.18 | H68: Kg
C69: VECARFJT001 | D69: Atún Sellado JT | E69: =IFERROR( IF( INDEX($K$272:$K$977,MATCH(C69,$B$272:$B$977,0))<>0, INDEX($K$272:$K$977,MATCH(C69,$B$272:$B$977,0)), INDEX($L$272:$L$977,MATCH(C69,$B$272:$B$977,0)) ), 0) | F69: Atún Steak | G69: 0.18 | H69: Kg
C70: VECARFON002 | D70: Atún Risotto | E70: =IFERROR( IF( INDEX($K$272:$K$977,MATCH(C70,$B$272:$B$977,0))<>0, INDEX($K$272:$K$977,MATCH(C70,$B$272:$B$977,0)), INDEX($L$272:$L$977,MATCH(C70,$B$272:$B$977,0)) ), 0) | F70: Atún Steak | G70: 0.18 | H70: Kg
C71: VECARFUB001 | D71: Atún Risotto PY | E71: =IFERROR( IF( INDEX($K$272:$K$977,MATCH(C71,$B$272:$B$977,0))<>0, INDEX($K$272:$K$977,MATCH(C71,$B$272:$B$977,0)), INDEX($L$272:$L$977,MATCH(C71,$B$272:$B$977,0)) ), 0) | F71: Atún Steak | G71: 0.18 | H71: Kg
C72: VECARENT034 | D72: Brocheta Langostino | E72: =IFERROR( IF( INDEX($K$272:$K$977,MATCH(C72,$B$272:$B$977,0))<>0, INDEX($K$272:$K$977,MATCH(C72,$B$272:$B$977,0)), INDEX($L$272:$L$977,MATCH(C72,$B$272:$B$977,0)) ), 0) | F72: Langostinos | G72: 1 | H72: Und
C73: VECARPOS013 | D73: Brownie Choc Vegano | E73: =IFERROR( IF( INDEX($K$272:$K$977,MATCH(C73,$B$272:$B$977,0))<>0, INDEX($K$272:$K$977,MATCH(C73,$B$272:$B$977,0)), INDEX($L$272:$L$977,MATCH(C73,$B$272:$B$977,0)) ), 0) | F73: Brownie Vegano | G73: 1 | H73: Kg
C74: VECARPOS024 | D74: Brownie Nutella | E74: =IFERROR( IF( INDEX($K$272:$K$977,MATCH(C74,$B$272:$B$977,0))<>0, INDEX($K$272:$K$977,MATCH(C74,$B$272:$B$977,0)), INDEX($L$272:$L$977,MATCH(C74,$B$272:$B$977,0)) ), 0) | F74: Brownie Nutella | G74: 1 | H74: Kg
C75: VECARPUB012 | D75: Brownie Nutella PY | E75: =IFERROR( IF( INDEX($K$272:$K$977,MATCH(C75,$B$272:$B$977,0))<>0, INDEX($K$272:$K$977,MATCH(C75,$B$272:$B$977,0)), INDEX($L$272:$L$977,MATCH(C75,$B$272:$B$977,0)) ), 0) | F75: Brownie Nutella | G75: 1 | H75: Kg
C76: VECARPJT005 | D76: Brownie Vegano JT | E76: =IFERROR( IF( INDEX($K$272:$K$977,MATCH(C76,$B$272:$B$977,0))<>0, INDEX($K$272:$K$977,MATCH(C76,$B$272:$B$977,0)), INDEX($L$272:$L$977,MATCH(C76,$B$272:$B$977,0)) ), 0) | F76: Brownie Vegano | G76: 1 | H76: Kg
C77: VECARPUB005 | D77: Brownie Vegano PY | E77: =IFERROR( IF( INDEX($K$272:$K$977,MATCH(C77,$B$272:$B$977,0))<>0, INDEX($K$272:$K$977,MATCH(C77,$B$272:$B$977,0)), INDEX($L$272:$L$977,MATCH(C77,$B$272:$B$977,0)) ), 0) | F77: Brownie Vegano | G77: 1 | H77: Kg
... C153: VECARPOS011 | D153: Volcán de Chocolate | E153: =IFERROR( IF( INDEX($K$272:$K$977,MATCH(C153,$B$272:$B$977,0))<>0, INDEX($K$272:$K$977,MATCH(C153,$B$272:$B$977,0)), INDEX($L$272:$L$977,MATCH(C153,$B$272:$B$977,0)) ), 0) | F153: Volcán de Chocolate | G153: 1 | H153: Kg
B157: GRAMAJE | C157: MEDIDA | D157: PRODUCTOS | E157: STOCK INFORMADO | F157: * MERMAS EN KILOGRAMOS
F158: PRODUCCIÓN | G158: DEFECTUOSOS | H158: CLIENTES | I158: CORTESÍA | J158: REUTILIZAR
B159: 0.18 | C159: Kg | D159: Atún apanado
B160: 0.25 | C160: Kg | D160: Atún Trozos
B161: 1 | C161: Kg | D161: Almejas Julianas
B162: 0.12 | C162: Kg | D162: Carpaccio de res
B163: 0.1 | C163: Kg | D163: Ceviche de Reineta
B164: 0.15 | C164: Kg | D164: Congrio
B165: 1 | C165: Porción | D165: Chupe de Salmón
B166: 1 | C166: Kg | D166: Despunte de pulpo
B167: 1 | C167: Kg | D167: Filete despunte
B168: 0.12 | C168: Kg | D168: Filete para churrasco
B169: 0.48 | C169: Kg | D169: Filete para crudo
B170: 0.16 | C170: Kg | D170: Filete salteado
... B190: 0.18 | C190: Kg | D190: Tártaro de atún
B192: UNIDADES | C192: MEDIDA | D192: PRODUCTOS
B194: 1 | C194: Und | D194: Brownie Nutella
B195: 4 | C195: Und | D195: Brownie Vegano
B196: 1 | C196: Und | D196: Cheesecake de Berries
B197: 1 | C197: Und | D197: Cheesecake de limón
B198: 1 | C198: Kg | D198: Chocolate Blanco
B199: 1 | C199: Kg | D199: Chocolate Leche
B200: 1 | C200: Kg | D200: Chocolate Negro
B201: 1 | C201: Kg | D201: Chocolate Neucober Cobertura
B202: 1 | C202: Kg | D202: Chocolate Sicao Cobertura
B203: 1 | C203: Und | D203: Discos de Chocolate
B204: 4 | C204: Pax | D204: Empanada mechada
B205: 1 | C205: Und | D205: Empanada mechada sueltas
... B216: 1 | C216: Und | D216: Volcán de chocolate
D219: ENTREGAS A COCINA/SALIDA DE BODEGA
...

Sheet S1 Domingo
D2: PRODUCTOS | E2: + | F2: + | G2: (-) | H2: (-) | I2: = | J2: = | K2: = | L2: $ | N2: $
E3: Stock Inicial | F3: Entregas | G3: Ventas | H3: Mermas | I3: Stock Real | J3: Stock Informado | K3: Diferencias | L3: Precio | N3: Descuento
D4: Atún Steak | F4: =E221 | G4: =IFERROR(SUMPRODUCT(($F$66:$F$153="Atún Steak")*$E$66:$E$153*$G$66:$G$153),"Error") | H4: =SUM(F159:J159) | I4: =E4+F4-G4-H4 | J4: =E159 | K4: =J4-I4 | L4: =+'MERMAS S1'!D5 | N4: =IF(K4<0,K4*L4,0)
D5: Atún Trozos | F5: =E222 | G5: =IFERROR(SUMPRODUCT(($F$66:$F$153="Atún Trozos")*$E$66:$E$153*$G$66:$G$153),"Error") | H5: =SUM(F160:I160)+SUM(F190:I190) | I5: =E5+F5-G5-H5 | J5: =E160+E190 | K5: =J5-I5 | L5: =+'MERMAS S1'!D6 | N5: =IF(K5<0,K5*L5,0)
D6: Almejas Julianas | F6: =E254 | G6: =K254 | H6: =SUM(F161:I161)+J254 | I6: =E6+F6-G6-H6 | J6: =E161 | K6: =J6-I6 | L6: =+'MERMAS S1'!D7 | N6: =IF(K6<0,K6*L6,0)
D7: Carpaccio de res | F7: =E223 | G7: =IFERROR(SUMPRODUCT(($F$66:$F$153="Carpaccio de res")*$E$66:$E$153*$G$66:$G$153),"Error") | H7: =SUM(F162:I162) | I7: =E7+F7-G7-H7 | J7: =E162 | K7: =J7-I7 | L7: =+'MERMAS S1'!D8 | N7: =IF(K7<0,K7*L7,0)
D8: Chupe | F8: =H258 | G8: =E90 | H8: =SUM(F165:I165) | I8: =E8+F8-G8-H8 | J8: =E165 | K8: =J8-I8 | L8: =+'MERMAS S1'!D9 | N8: =IF(K8<0,K8*L8,0)
D9: Congrio | F9: =E252 | G9: =IFERROR(SUMPRODUCT(($F$66:$F$153="Congrio")*$E$66:$E$153*$G$66:$G$153),"Error") | H9: =J252+SUM(F164:I164) | I9: =E9+F9-G9-H9 | J9: =E164 | K9: =J9-I9 | L9: =+'MERMAS S1'!D10 | N9: =IF(K9<0,K9*L9,0)
D10: Filete despunte | F10: =E255 | G10: =K255+K256 | H10: =SUM(J255:J256)+SUM(F167:I167) | I10: =E10+F10-G10-H10 | J10: =E167 | K10: =J10-I10 | L10: =+'MERMAS S1'!D11 | N10: =IF(K10<0,K10*L10,0)
D11: Filete para churrasco | F11: =E226 | G11: =IFERROR(SUMPRODUCT(($F$66:$F$153="Filete para churrasco")*$E$66:$E$153*$G$66:$G$153),"Error") | H11: =SUM(F168:I168) | I11: =E11+F11-G11-H11 | J11: =E168 | K11: =J11-I11 | L11: =+'MERMAS S1'!D12 | N11: =IF(K11<0,K11*L11,0)
D12: Filete para crudo | F12: =E227 | G12: =IFERROR(SUMPRODUCT(($F$66:$F$153="Filete para crudo")*$E$66:$E$153*$G$66:$G$153),"Error") | H12: =SUM(F169:I169)+SUM(F189:I189) | I12: =E12+F12-G12-H12 | J12: =E169 +IFERROR(INDEX($E$159:$E$215,MATCH("Tartar de Res",$D$159:$D$215,0)),0) | K12: =J12-I12 | L12: =+'MERMAS S1'!D13 | N12: =IF(K12<0,K12*L12,0)
D13: Filete Salteado | F13: =E228 | G13: =IFERROR(SUMPRODUCT(($F$66:$F$153=D13)*$E$66:$E$153*$G$66:$G$153),"Error") | H13: =SUM(F170:I170) | I13: =E13+F13-G13-H13 | J13: =E170 | K13: =J13-I13 | L13: =+'MERMAS S1'!D14 | N13: =IF(K13<0,K13*L13,0)
D14: Ganso | F14: =E229 | G14: =IFERROR(SUMPRODUCT(($F$66:$F$153=D14)*$E$66:$E$153*$G$66:$G$153),"Error") | H14: =SUM(F171:I171)+SUM(F180:I180) | I14: =E14+F14-G14-H14 | J14: =E171 +IFERROR(INDEX($E$159:$E$215,MATCH("Paila de Carne",$D$159:$D$215,0)),0) | K14: =J14-I14 | L14: =+'MERMAS S1'!D15 | N14: =IF(K14<0,K14*L14,0)
D15: Hamburguesas | F15: =E231 | G15: =IFERROR(SUMPRODUCT(($F$66:$F$153=D15)*$E$66:$E$153*$G$66:$G$153),"Error") | H15: =SUM(F172:I172) | I15: =E15+F15-G15-H15 | J15: =E172 | K15: =J15-I15 | L15: =+'MERMAS S1'!D16 | N15: =IF(K15<0,K15*L15,0)
D16: Jamón serrano | F16: =E232 | G16: =IFERROR(SUMPRODUCT(($F$66:$F$153=D16)*$E$66:$E$153*$G$66:$G$153),"Error") | H16: =SUM(F174:I174) | I16: =E16+F16-G16-H16 | J16: =E174 | K16: =J16-I16 | L16: =+'MERMAS S1'!D17 | N16: =IF(K16<0,K16*L16,0)
D17: Langostinos | F17: =H248 | G17: =IFERROR(SUMPRODUCT(($F$66:$F$153=D17)*$E$66:$E$153*$G$66:$G$153),"Error") | H17: =SUM(F173:I173) | I17: =E17+F17-G17-H17 | J17: =E173 | K17: =J17-I17 | L17: =+'MERMAS S1'!D18 | N17: =IF(K17<0,K17*L17,0)
D18: Lasagna de Berenjenas | F18: =H257 | G18: =E120 | H18: =SUM(F175:I175) | I18: =E18+F18-G18-H18 | J18: =E175 | K18: =J18-I18 | L18: =+'MERMAS S1'!D19 | N18: =IF(K18<0,K18*L18,0)
D19: Locos | F19: =E249 | G19: =IFERROR(SUMPRODUCT(($F$66:$F$153=D19)*$E$66:$E$153*$G$66:$G$153),"Error") | H19: =SUM(F177:I177)+J249 | I19: =E19+F19-G19-H19 | J19: =E177 | K19: =J19-I19 | L19: =+'MERMAS S1'!D20 | N19: =IF(K19<0,K19*L19,0)
D20: Lomo liso | F20: =E233 | G20: =IFERROR(SUMPRODUCT(($F$66:$F$153=D20)*$E$66:$E$153*$G$66:$G$153),"Error") | H20: =SUM(F176:I176) | I20: =E20+F20-G20-H20 | J20: =E176 | K20: =J20-I20 | L20: =+'MERMAS S1'!D21 | N20: =IF(K20<0,K20*L20,0)
D21: Mejillones | F21: =E253 | G21: =K253 | H21: =J253+SUM(F178:I178) | I21: =E21+F21-G21-H21 | J21: =E178 | K21: =J21-I21 | L21: =+'MERMAS S1'!D22 | N21: =IF(K21<0,K21*L21,0)
D22: Merluza | F22: =E250 | G22: =IFERROR(SUMPRODUCT(($F$66:$F$153=D22)*$E$66:$E$153*$G$66:$G$153),"Error") | H22: =SUM(F179:I179)+J250 | I22: =E22+F22-G22-H22 | J22: =E179 | K22: =J22-I22 | L22: =+'MERMAS S1'!D23 | N22: =IF(K22<0,K22*L22,0)
D23: Plateada | F23: =E234 | G23: =IFERROR(SUMPRODUCT(($F$66:$F$153=D23)*$E$66:$E$153*$G$66:$G$153),"Error") | H23: =SUM(F181:I181) | I23: =E23+F23-G23-H23 | J23: =E181 | K23: =J23-I23 | L23: =+'MERMAS S1'!D24 | N23: =IF(K23<0,K23*L23,0)
D24: Pulpo | F24: =E235 | G24: =IFERROR(SUMPRODUCT(($F$66:$F$153=D24)*$E$66:$E$153*$G$66:$G$153),"Error") | H24: =SUM(F182:I182) | I24: =E24+F24-G24-H24 | J24: =E182 | K24: =J24-I24 | L24: =+'MERMAS S1'!D25 | N24: =IF(K24<0,K24*L24,0)
D25: Ragout Lasagna | F25: =H255 | G25: =E257 | H25: =SUM(F183:I183)+J257 | I25: =E25+F25-G25-H25 | J25: =E183 | K25: =J25-I25 | L25: =+'MERMAS S1'!D26 | N25: =IF(K25<0,K25*L25,0)
D26: Ragout Rigatoni | F26: =H256 | G26: =E133 | H26: =SUM(F184:I184) | I26: =E26+F26-G26-H26 | J26: =E184 | K26: =J26-I26 | L26: =+'MERMAS S1'!D27 | N26: =IF(K26<0,K26*L26,0)
D27: Reineta | F27: =E251 | G27: =IFERROR(SUMPRODUCT(($F$66:$F$153=D27)*$E$66:$E$153*$G$66:$G$153),"Error") | H27: =SUM(F163:I163)+J251 | I27: =E27+F27-G27-H27 | J27: =E163 | K27: =J27-I27 | L27: =+'MERMAS S1'!D28 | N27: =IF(K27<0,K27*L27,0)
D28: Salmón ahumado en frío | F28: =E258 | G28: =K258 | H28: =J258 | I28: =E28+F28-G28-H28 | J28: =E185 | K28: =J28-I28 | L28: =+'MERMAS S1'!D29 | N28: =IF(K28<0,K28*L28,0)
D29: Salmón ahumado en Caliente | F29: =E237 | G29: =IFERROR(SUMPRODUCT(($F$66:$F$153=D29)*$E$66:$E$153*$G$66:$G$153),"Error") | H29: =SUM(F186:I186) | I29: =E29+F29-G29-H29 | J29: =E186 | K29: =J29-I29 | L29: =+'MERMAS S1'!D30 | N29: =IF(K29<0,K29*L29,0)
D30: Salmón cancato | F30: =E238 | G30: =IFERROR(SUMPRODUCT(($F$66:$F$153=D30)*$E$66:$E$153*$G$66:$G$153),"Error") | H30: =SUM(F187:I187) | I30: =E30+F30-G30-H30 | J30: =E187 | K30: =J30-I30 | L30: =+'MERMAS S1'!D31 | N30: =IF(K30<0,K30*L30,0)
D31: Salmón fresco premium | F31: =E239 | G31: =IFERROR(SUMPRODUCT(($F$66:$F$153=D31)*$E$66:$E$153*$G$66:$G$153),"Error") | H31: =SUM(F188:I188) | I31: =E31+F31-G31-H31 | J31: =E188 | K31: =J31-I31 | L31: =+'MERMAS S1'!D32 | N31: =IF(K31<0,K31*L31,0)
I33: DIFERENCIAS PROMEDIO | K33: =SUM(K7:K31) | M33: DCTO. TOTAL | N33: =SUM(N7:N31)
F35: + | G35: (-) | H35: (-) | I35: = | J35: = | K35: = | L35: $ | N35: $
D36: PRODUCTOS | F36: Entregas | G36: Ventas | H36: Mermas | I36: Stock Real | J36: Stock Informado | K36: Diferencias | L36: Precio | N36: Descuento
D37: Brownie Nutella | F37: =E264 | G37: =IFERROR(SUMPRODUCT(($F$66:$F$153=D37)*$E$66:$E$153*$G$66:$G$153),"Error") | H37: =SUM(F194:I194) | I37: =E37+F37-G37-H37 | J37: =E194 | K37: =J37-I37 | L37: =+'MERMAS S1'!D33 | N37: =IF(K37<0,K37*L37,0)
D38: Brownie Vegano | F38: =E265 | G38: =IFERROR(SUMPRODUCT(($F$66:$F$153=D38)*$E$66:$E$153*$G$66:$G$153),"Error") | H38: =SUM(F195:I195) | I38: =E38+F38-G38-H38 | J38: =E195 | K38: =J38-I38 | L38: =+'MERMAS S1'!D34 | N38: =IF(K38<0,K38*L38,0)
D39: Cheesecake de Berries | F39: =E262 | G39: =IFERROR(SUMPRODUCT(($F$66:$F$153="Cheesecake Berries")*$E$66:$E$153*$G$66:$G$153),"Error") | H39: =SUM(F196:I196) | I39: =E39+F39-G39-H39 | J39: =E196 | K39: =J39-I39 | L39: =+'MERMAS S1'!D35 | N39: =IF(K39<0,K39*L39,0)
D40: Cheesecake de Limón | F40: =E263 | G40: =IFERROR(SUMPRODUCT(($F$66:$F$153=D40)*$E$66:$E$153*$G$66:$G$153),"Error") | H40: =SUM(F197:H197) | I40: =E40+F40-G40-H40 | J40: =E197 | K40: =J40-I40 | L40: =+'MERMAS S1'!D36 | N40: =IF(K40<0,K40*L40,0)
D41: Chocolate Blanco | F41: =H262 | G41: =J262 | H41: =SUM(F198:I198) | I41: =E41+F41-G41-H41 | J41: =E198 | K41: =J41-I41 | L41: =+'MERMAS S1'!D37 | N41: =IF(K41<0,K41*L41,0)
D42: Chocolate Leche | F42: =H263 | G42: =J263 | H42: =SUM(F199:I199) | I42: =E42+F42-G42-H42 | J42: =E199 | K42: =J42-I42 | L42: =+'MERMAS S1'!D38 | N42: =IF(K42<0,K42*L42,0)
D43: Chocolate Negro | F43: =H264 | G43: =J264 | H43: =SUM(F200:I200) | I43: =E43+F43-G43-H43 | J43: =E200 | K43: =J43-I43 | L43: =+'MERMAS S1'!D39 | N43: =IF(K43<0,K43*L43,0)
D44: Chocolate Neucober Cobertura | F44: =H265 | G44: =J265 | H44: =SUM(F201:I201) | I44: =E44+F44-G44-H44 | J44: =E201 | K44: =J44-I44 | L44: =+'MERMAS S1'!D40 | N44: =IF(K44<0,K44*L44,0)
D45: Chocolate Sicao Cobertura | F45: =H266 | G45: =J266 | H45: =SUM(F202:I202) | I45: =E45+F45-G45-H45 | J45: =E202 | K45: =J45-I45 | L45: =+'MERMAS S1'!D41 | N45: =IF(K45<0,K45*L45,0)
D46: Discos de Chocolate | F46: =E268 | G46: =E91 | H46: =SUM(F203:I203) | I46: =E46+F46-G46-H46 | J46: =E203 | K46: =J46-I46 | L46: =+'MERMAS S1'!D42 | N46: =IF(K46<0,K46*L46,0)
D47: Empanada Mechada | F47: =E225 | G47: =IFERROR(SUMPRODUCT(($F$66:$F$153=D47)*$E$66:$E$153*$G$66:$G$153),"Error") | H47: =(SUM(F204:I204)*4)+SUM(F205:I205) | I47: =E47+F47-G47-H47 | J47: =(E204*4)+E205 | K47: =J47-I47 | L47: =+'MERMAS S1'!D43 | N47: =IF(K47<0,K47*L47,0)
D48: Empanada Pulpo | F48: =H247 | G48: =IFERROR(SUMPRODUCT(($F$66:$F$153=D48)*$E$66:$E$153*$G$66:$G$153),"Error") | H48: =(SUM(F206:I206)*4)+SUM(F207:I207) | I48: =E48+F48-G48-H48 | J48: =(E206*4)+E207 | K48: =J48-I48 | L48: =+'MERMAS S1'!D44 | N48: =IF(K48<0,K48*L48,0)
D49: Flan de Caluga | F49: =E266 | G49: =IFERROR(SUMPRODUCT(($F$66:$F$153=D49)*$E$66:$E$153*$G$66:$G$153),"Error") | H49: =SUM(F208:I208) | I49: =E49+F49-G49-H49 | J49: =E208 | K49: =J49-I49 | L49: =+'MERMAS S1'!D45 | N49: =IF(K49<0,K49*L49,0)
D50: Granola salada | F50: =IF( SUMPRODUCT(--ISNUMBER(SEARCH(D50,$D$221:$D$242))) + SUMPRODUCT(--ISNUMBER(SEARCH(D50,$D$262:$D$267)))=0, "Error", SUMPRODUCT((ISNUMBER(SEARCH(D50,$D$221:$D$242)))*$E$221:$E$242) + SUMPRODUCT((ISNUMBER(SEARCH(D50,$D$262:$D$267)))*$E$262:$E$267) ) | G50: =IFERROR(SUMPRODUCT(($F$66:$F$153=D50)*$E$66:$E$153*$G$66:$G$153),"Error") | H50: =SUM(F209:I209) | I50: =E50+F50-G50-H50 | J50: =E209 | K50: =J50-I50 | L50: =+'MERMAS S1'!D46 | N50: =IF(K50<0,K50*L50,0)
D51: Mix Conchas | F51: =H253 | G51: =IFERROR(SUMPRODUCT(($F$66:$F$153=D51)*$E$66:$E$153*$G$66:$G$153),"Error") | H51: =SUM(F210:I210) | I51: =E51+F51-G51-H51 | J51: =E210 | K51: =J51-I51 | L51: =+'MERMAS S1'!D47 | N51: =IF(K51<0,K51*L51,0)
D52: Nutella | F52: =H267 | G52: =J267 | H52: =SUM(F211:I211) | I52: =E52+F52-G52-H52 | J52: =E211 | K52: =J52-I52 | L52: =+'MERMAS S1'!D48 | N52: =IF(K52<0,K52*L52,0)
D53: Queso Mozzarella | F53: =E236 | G53: =IFERROR(SUMPRODUCT(($F$66:$F$153=D53)*$E$66:$E$153*$G$66:$G$153),"Error") | H53: =SUM(F212:I212) | I53: =E53+F53-G53-H53 | J53: =E212 | K53: =J53-I53 | L53: =+'MERMAS S1'!D49 | N53: =IF(K53<0,K53*L53,0)
D54: Sorrentinos carne mechada | F54: =E240 | G54: =IFERROR(SUMPRODUCT(($F$66:$F$153=D54)*$E$66:$E$153*$G$66:$G$153),"Error") | H54: =SUM(F213:I213) | I54: =E54+F54-G54-H54 | J54: =E213 | K54: =J54-I54 | L54: =+'MERMAS S1'!D50 | N54: =IF(K54<0,K54*L54,0)
D55: Sorrentinos pulpo y salmón | F55: =E241 | G55: =IFERROR(SUMPRODUCT(($F$66:$F$153=D55)*$E$66:$E$153*$G$66:$G$153),"Error") | H55: =SUM(F214:I214) | I55: =E55+F55-G55-H55 | J55: =E214 | K55: =J55-I55 | L55: =+'MERMAS S1'!D51 | N55: =IF(K55<0,K55*L55,0)
D56: Sorrentinos zapallo | F56: =E242 | G56: =IFERROR(SUMPRODUCT(($F$66:$F$153=D56)*$E$66:$E$153*$G$66:$G$153),"Error") | H56: =SUM(F215:I215) | I56: =E56+F56-G56-H56 | J56: =E215 | K56: =J56-I56 | L56: =+'MERMAS S1'!D52 | N56: =IF(K56<0,K56*L56,0)
D57: Volcán de Chocolate | F57: =E267 | G57: =IFERROR(SUMPRODUCT(($F$66:$F$153=D57)*$E$66:$E$153*$G$66:$G$153),"Error") | H57: =SUM(F216:I216) | I57: =E57+F57-G57-H57 | J57: =E216 | K57: =J57-I57 | L57: =+'MERMAS S1'!D53 | N57: =IF(K57<0,K57*L57,0)
I59: DIFERENCIAS PROMEDIO | K59: =SUM(K37:K57) | M59: DCTO. TOTAL | N59: =SUM(N37:N57)
C64: VENTAS
C65: Código | D65: Ítem | E65: Vendido | F65: Producto | G65: Cantidad | H65: Medida
C66: VECARAGR013 | D66: Age Salmon Ahumado | E66: =IFERROR( IF( INDEX($K$272:$K$977,MATCH(C66,$B$272:$B$977,0))<>0, INDEX($K$272:$K$977,MATCH(C66,$B$272:$B$977,0)), INDEX($L$272:$L$977,MATCH(C66,$B$272:$B$977,0)) ), 0) | F66: Salmón ahumado en Caliente | G66: 0.12 | H66: Kg
C67: VECARAGR007 | D67: Agr. Jamon Crudo | E67: =IFERROR( IF( INDEX($K$272:$K$977,MATCH(C67,$B$272:$B$977,0))<>0, INDEX($K$272:$K$977,MATCH(C67,$B$272:$B$977,0)), INDEX($L$272:$L$977,MATCH(C67,$B$272:$B$977,0)) ), 0) | F67: Jamón serrano | G67: 0.03 | H67: Kg
C68: VECARENT001 | D68: Atún Apanado | E68: =IFERROR( IF( INDEX($K$272:$K$977,MATCH(C68,$B$272:$B$977,0))<>0, INDEX($K$272:$K$977,MATCH(C68,$B$272:$B$977,0)), INDEX($L$272:$L$977,MATCH(C68,$B$272:$B$977,0)) ), 0) | F68: Atún Steak | G68: 0.18 | H68: Kg
C69: VECARFJT001 | D69: Atún Sellado JT | E69: =IFERROR( IF( INDEX($K$272:$K$977,MATCH(C69,$B$272:$B$977,0))<>0, INDEX($K$272:$K$977,MATCH(C69,$B$272:$B$977,0)), INDEX($L$272:$L$977,MATCH(C69,$B$272:$B$977,0)) ), 0) | F69: Atún Steak | G69: 0.18 | H69: Kg
C70: VECARFON002 | D70: Atún Risotto | E70: =IFERROR( IF( INDEX($K$272:$K$977,MATCH(C70,$B$272:$B$977,0))<>0, INDEX($K$272:$K$977,MATCH(C70,$B$272:$B$977,0)), INDEX($L$272:$L$977,MATCH(C70,$B$272:$B$977,0)) ), 0) | F70: Atún Steak | G70: 0.18 | H70: Kg
C71: VECARFUB001 | D71: Atún Risotto PY | E71: =IFERROR( IF( INDEX($K$272:$K$977,MATCH(C71,$B$272:$B$977,0))<>0, INDEX($K$272:$K$977,MATCH(C71,$B$272:$B$977,0)), INDEX($L$272:$L$977,MATCH(C71,$B$272:$B$977,0)) ), 0) | F71: Atún Steak | G71: 0.18 | H71: Kg
C72: VECARENT034 | D72: Brocheta Langostino | E72: =IFERROR( IF( INDEX($K$272:$K$977,MATCH(C72,$B$272:$B$977,0))<>0, INDEX($K$272:$K$977,MATCH(C72,$B$272:$B$977,0)), INDEX($L$272:$L$977,MATCH(C72,$B$272:$B$977,0)) ), 0) | F72: Langostinos | G72: 1 | H72: Und
C73: VECARPOS013 | D73: Brownie Choc Vegano | E73: =IFERROR( IF( INDEX($K$272:$K$977,MATCH(C73,$B$272:$B$977,0))<>0, INDEX($K$272:$K$977,MATCH(C73,$B$272:$B$977,0)), INDEX($L$272:$L$977,MATCH(C73,$B$272:$B$977,0)) ), 0) | F73: Brownie Vegano | G73: 1 | H73: Kg
C74: VECARPOS024 | D74: Brownie Nutella | E74: =IFERROR( IF( INDEX($K$272:$K$977,MATCH(C74,$B$272:$B$977,0))<>0, INDEX($K$272:$K$977,MATCH(C74,$B$272:$B$977,0)), INDEX($L$272:$L$977,MATCH(C74,$B$272:$B$977,0)) ), 0) | F74: Brownie Nutella | G74: 1 | H74: Kg
C75: VECARPUB012 | D75: Brownie Nutella PY | E75: =IFERROR( IF( INDEX($K$272:$K$977,MATCH(C75,$B$272:$B$977,0))<>0, INDEX($K$272:$K$977,MATCH(C75,$B$272:$B$977,0)), INDEX($L$272:$L$977,MATCH(C75,$B$272:$B$977,0)) ), 0) | F75: Brownie Nutella | G75: 1 | H75: Kg
C76: VECARPJT005 | D76: Brownie Vegano JT | E76: =IFERROR( IF( INDEX($K$272:$K$977,MATCH(C76,$B$272:$B$977,0))<>0, INDEX($K$272:$K$977,MATCH(C76,$B$272:$B$977,0)), INDEX($L$272:$L$977,MATCH(C76,$B$272:$B$977,0)) ), 0) | F76: Brownie Vegano | G76: 1 | H76: Kg
C77: VECARPUB005 | D77: Brownie Vegano PY | E77: =IFERROR( IF( INDEX($K$272:$K$977,MATCH(C77,$B$272:$B$977,0))<>0, INDEX($K$272:$K$977,MATCH(C77,$B$272:$B$977,0)), INDEX($L$272:$L$977,MATCH(C77,$B$272:$B$977,0)) ), 0) | F77: Brownie Vegano | G77: 1 | H77: Kg
... C153: VECARPOS011 | D153: Volcán de Chocolate | E153: =IFERROR( IF( INDEX($K$272:$K$977,MATCH(C153,$B$272:$B$977,0))<>0, INDEX($K$272:$K$977,MATCH(C153,$B$272:$B$977,0)), INDEX($L$272:$L$977,MATCH(C153,$B$272:$B$977,0)) ), 0) | F153: Volcán de Chocolate | G153: 1 | H153: Kg
B157: GRAMAJE | C157: MEDIDA | D157: PRODUCTOS | E157: STOCK INFORMADO | F157: * MERMAS EN KILOGRAMOS
F158: PRODUCCIÓN | G158: DEFECTUOSOS | H158: CLIENTES | I158: CORTESÍA | J158: REUTILIZAR
B159: 0.18 | C159: Kg | D159: Atún apanado
B160: 0.25 | C160: Kg | D160: Atún Trozos
B161: 1 | C161: Kg | D161: Almejas Julianas
B162: 0.12 | C162: Kg | D162: Carpaccio de res
B163: 0.1 | C163: Kg | D163: Ceviche de Reineta
B164: 0.15 | C164: Kg | D164: Congrio
B165: 1 | C165: Porción | D165: Chupe de Salmón
B166: 1 | C166: Kg | D166: Despunte de pulpo
B167: 1 | C167: Kg | D167: Filete despunte
B168: 0.12 | C168: Kg | D168: Filete para churrasco
B169: 0.48 | C169: Kg | D169: Filete para crudo
B170: 0.16 | C170: Kg | D170: Filete salteado
... B190: 0.18 | C190: Kg | D190: Tártaro de atún
B192: UNIDADES | C192: MEDIDA | D192: PRODUCTOS
B194: 1 | C194: Und | D194: Brownie Nutella
B195: 4 | C195: Und | D195: Brownie Vegano
B196: 1 | C196: Und | D196: Cheesecake de Berries
B197: 1 | C197: Und | D197: Cheesecake de limón
B198: 1 | C198: Kg | D198: Chocolate Blanco
B199: 1 | C199: Kg | D199: Chocolate Leche
B200: 1 | C200: Kg | D200: Chocolate Negro
B201: 1 | C201: Kg | D201: Chocolate Neucober Cobertura
B202: 1 | C202: Kg | D202: Chocolate Sicao Cobertura
B203: 1 | C203: Und | D203: Discos de Chocolate
B204: 4 | C204: Pax | D204: Empanada mechada
B205: 1 | C205: Und | D205: Empanada mechada sueltas
... B216: 1 | C216: Und | D216: Volcán de chocolate
D219: ENTREGAS A COCINA/SALIDA DE BODEGA
...

Sheet MERMAS S1
B3: PRODUCTOS | C3: TOTAL DIFERENCIA | D3: PRECIO | E3: TOTAL DSCTO
B5: Atún Steak | C5: =SUM('S1 Lunes:S1 Viernes'!K4) | D5: 6950 | E5: =IF(0>C5,C5*D5,0)
B6: Atún Trozos | C6: =SUM('S1 Lunes:S1 Viernes'!K5) | D6: 4800 | E6: =IF(0>C6,C6*D6,0)
B7: Almejas Julianas | C7: =SUM('S1 Lunes:S1 Viernes'!K6) | D7: 2100 | E7: =IF(0>C7,C7*D7,0)
B8: Carpaccio de res | C8: =SUM('S1 Lunes:S1 Viernes'!K7) | D8: 23109 | E8: =IF(0>C8,C8*D8,0)
B9: Chupe | C9: =SUM('S1 Lunes:S1 Viernes'!K8) | D9: 1537 | E9: =IF(0>C9,C9*D9,0)
B10: Congrio | C10: =SUM('S1 Lunes:S1 Viernes'!K9) | D10: 12600 | E10: =IF(0>C10,C10*D10,0)
B11: Filete despunte | C11: =SUM('S1 Lunes:S1 Viernes'!K10) | D11: 5000 | E11: =IF(0>C11,C11*D11,0)
B12: Filete para churrasco | C12: =SUM('S1 Lunes:S1 Viernes'!K11) | D12: 7900 | E12: =IF(0>C12,C12*D12,0)
B13: Filete para crudo | C13: =SUM('S1 Lunes:S1 Viernes'!K12) | D13: 7900 | E13: =IF(0>C13,C13*D13,0)
B14: Filete Salteado | C14: =SUM('S1 Lunes:S1 Viernes'!K13) | D14: 30462 | E14: =IF(0>C14,C14*D14,0)
B15: Ganso | C15: =SUM('S1 Lunes:S1 Viernes'!K14) | D15: 10924 | E15: =IF(0>C15,C15*D15,0)
B16: Hamburguesas | C16: =SUM('S1 Lunes:S1 Viernes'!K15) | D16: 6990 | E16: =IF(0>C16,C16*D16,0)
... B32: Salmón fresco premium | C32: =SUM('S1 Lunes:S1 Viernes'!K31) | D32: 22969 | E32: =IF(0>C32,C32*D32,0)
B33: Brownie Nutella | C33: =SUM('S1 Lunes:S1 Viernes'!K37) | D33: 850 | E33: =IF(0>C33,C33*D33,0)
B34: Brownie Vegano | C34: =SUM('S1 Lunes:S1 Viernes'!K38) | D34: 1018 | E34: =IF(0>C34,C34*D34,0)
B35: Cheesecake de Berries | C35: =SUM('S1 Lunes:S1 Viernes'!K39) | D35: 774 | E35: =IF(0>C35,C35*D35,0)
B36: Cheesecake de Limón | C36: =SUM('S1 Lunes:S1 Viernes'!K40) | D36: 1142.6 | E36: =IF(0>C36,C36*D36,0)
B37: Chocolate Blanco | C37: =SUM('S1 Lunes:S1 Viernes'!K41) | D37: 15140 | E37: =IF(0>C37,C37*D37,0)
B38: Chocolate Leche | C38: =SUM('S1 Lunes:S1 Viernes'!K42) | D38: 15140 | E38: =IF(0>C38,C38*D38,0)
B39: Chocolate Negro | C39: =SUM('S1 Lunes:S1 Viernes'!K43) | D39: 14317 | E39: =IF(0>C39,C39*D39,0)
B40: Chocolate Neucober Cobertura | C40: =SUM('S1 Lunes:S1 Viernes'!K44) | D40: 5430 | E40: =IF(0>C40,C40*D40,0)
B41: Chocolate Sicao Cobertura | C41: =SUM('S1 Lunes:S1 Viernes'!K45) | D41: 6525 | E41: =IF(0>C41,C41*D41,0)
B42: Discos de Chocolate | C42: =SUM('S1 Lunes:S1 Viernes'!K46) | D42: 212 | E42: =IF(0>C42,C42*D42,0)
B43: Empanada Mechada | C43: =SUM('S1 Lunes:S1 Viernes'!K47) | D43: 1050 | E43: =IF(0>C43,C43*D43,0)
B44: Empanada Pulpo | C44: =SUM('S1 Lunes:S1 Viernes'!K48) | D44: 456 | E44: =IF(0>C44,C44*D44,0)
... B53: Volcán de Chocolate | C53: =SUM('S1 Lunes:S1 Viernes'!K57) | D53: 780 | E53: =IF(0>C53,C53*D53,0)
D55: TOTAL | E55: =SUM(E5:E53)
